clean_message,sentiment,label,engagement_score,qos_action
lol,positive,2,1,Pre-buffer / Delay
lul lul lul lul lul lul,neutral,1,8,Maintain Bitrate
two poggers,positive,2,3,Pre-buffer / Delay
lul,positive,2,1,Pre-buffer / Delay
college early 20s,negative,0,4,Pre-buffer / Delay
monkaw not me,positive,2,4,Pre-buffer / Delay
poor guy having to explain it lulw,positive,2,10,Increase Bitrate
bwade95200 well it happen sometimes,neutral,1,8,Maintain Bitrate
kekw,positive,2,1,Pre-buffer / Delay
sadge,negative,0,1,Reduce Bitrate
hes sasuke,negative,0,3,Reduce Bitrate
catch the moment of sleep,neutral,1,7,Maintain Bitrate
sadge,negative,0,1,Reduce Bitrate
pepelaugh looking at chat,positive,2,6,Pre-buffer / Delay
feelstrongman,positive,2,2,Pre-buffer / Delay
woah,positive,2,1,Pre-buffer / Delay
adidas ez,positive,2,2,Pre-buffer / Delay
loooool,negative,0,1,Reduce Bitrate
s,neutral,1,1,Pre-buffer / Delay
he started stream saying its dominic but call me dom,negative,0,10,Pre-buffer / Delay
hamood,neutral,1,1,Pre-buffer / Delay
forget all my problems im a mc in dnd,negative,0,10,Pre-buffer / Delay
kekw,positive,2,1,Pre-buffer / Delay
lulw,positive,2,1,Pre-buffer / Delay
clownface society,negative,0,3,Reduce Bitrate
pain,negative,0,1,Reduce Bitrate
true,negative,0,1,Reduce Bitrate
moist,positive,2,1,Pre-buffer / Delay
justin weeber chad,negative,0,4,Pre-buffer / Delay
right,negative,0,1,Reduce Bitrate
nba prodigy lul,positive,2,4,Pre-buffer / Delay
ive done that,negative,0,4,Pre-buffer / Delay
12 pounds,positive,2,2,Pre-buffer / Delay
its 10 30,negative,0,3,Reduce Bitrate
lulw,negative,0,1,Reduce Bitrate
train,neutral,1,1,Pre-buffer / Delay
feelsstrongman,positive,2,2,Pre-buffer / Delay
he said what,neutral,1,4,Pre-buffer / Delay
i came for mental health advice now i have a booner thanks dr k,positive,2,10,Increase Bitrate
residentsleeper,negative,0,2,Reduce Bitrate
idk but i feel similar,positive,2,7,Increase Bitrate
im all seriousness im going to work out and find hiking shoes to go on a hike this weekend,neutral,1,10,Maintain Bitrate
pogchamp,positive,2,1,Pre-buffer / Delay
pog,positive,2,1,Pre-buffer / Delay
computer use huh,negative,0,4,Pre-buffer / Delay
feelsstrongman,negative,0,2,Reduce Bitrate
3 3,neutral,1,2,Pre-buffer / Delay
smash it,negative,0,2,Reduce Bitrate
southpark already did it,positive,2,6,Pre-buffer / Delay
for chat 3,neutral,1,4,Pre-buffer / Delay
oh,neutral,1,1,Pre-buffer / Delay
i eat healthy  i drink milk,negative,0,8,Pre-buffer / Delay
sadge,negative,0,1,Reduce Bitrate
garona pog,positive,2,3,Pre-buffer / Delay
thanks,negative,0,1,Reduce Bitrate
pog,positive,2,1,Pre-buffer / Delay
how old is he chat,negative,0,6,Pre-buffer / Delay
his dad is white  wow what a story,neutral,1,10,Maintain Bitrate
who,positive,2,1,Pre-buffer / Delay
lulw,negative,0,1,Reduce Bitrate
sadge i lost weight,negative,0,5,Pre-buffer / Delay
3,positive,2,1,Pre-buffer / Delay
man we put a lot of pressure on ourselves these days,neutral,1,10,Maintain Bitrate
he sounds mormon,positive,2,4,Pre-buffer / Delay
deep,positive,2,1,Pre-buffer / Delay
kekw,negative,0,1,Reduce Bitrate
you got this dom,positive,2,5,Pre-buffer / Delay
ayaya,positive,2,1,Pre-buffer / Delay
sadge im normal,negative,0,4,Pre-buffer / Delay
good guy dad feelsstrongman,neutral,1,6,Maintain Bitrate
feelsstrongman,neutral,1,2,Pre-buffer / Delay
create a cult yep,positive,2,5,Pre-buffer / Delay
why do feel sad pepehands,positive,2,7,Increase Bitrate
postnut is real though lul,neutral,1,7,Maintain Bitrate
frowningfacewithopenmouth  frowningfacewithopenmouth  frowningfacewithopenmouth,positive,2,10,Increase Bitrate
its a trigger,positive,2,4,Pre-buffer / Delay
so in order to reach what we think of an end goalcareer we need to stop focusing on that and focus on the present and well naturally get there,neutral,1,10,Maintain Bitrate
nani,neutral,1,1,Pre-buffer / Delay
true,neutral,1,1,Pre-buffer / Delay
monkaw,positive,2,1,Pre-buffer / Delay
yep,positive,2,1,Pre-buffer / Delay
thanks for joining the steam awesome stream today,positive,2,10,Increase Bitrate
sadge,negative,0,1,Reduce Bitrate
virtualhug virtualhug virtualhug virtualhug virtualhug virtualhug virtualhug virtualhug,positive,2,10,Increase Bitrate
its just shame,neutral,1,4,Pre-buffer / Delay
poggers,positive,2,1,Pre-buffer / Delay
russel,positive,2,1,Pre-buffer / Delay
aooooe,negative,0,1,Reduce Bitrate
sadge,negative,0,1,Reduce Bitrate
thats my thinking 5head,negative,0,6,Pre-buffer / Delay
all of them,positive,2,4,Pre-buffer / Delay
true kekw,positive,2,2,Pre-buffer / Delay
g omegalul als,neutral,1,4,Pre-buffer / Delay
lulw,negative,0,1,Reduce Bitrate
ayyy lul lul my man,neutral,1,6,Maintain Bitrate
lul,negative,0,1,Reduce Bitrate
poggers,positive,2,1,Pre-buffer / Delay
monkaw,negative,0,1,Reduce Bitrate
zen,negative,0,1,Reduce Bitrate
3,negative,0,1,Reduce Bitrate
shame,negative,0,1,Reduce Bitrate
pogchamp,positive,2,1,Pre-buffer / Delay
aooooe,neutral,1,1,Pre-buffer / Delay
sadge,negative,0,1,Reduce Bitrate
wrong person,neutral,1,3,Pre-buffer / Delay
ameen,positive,2,1,Pre-buffer / Delay
every one,neutral,1,2,Pre-buffer / Delay
xqcslam,positive,2,1,Pre-buffer / Delay
based,negative,0,1,Reduce Bitrate
can we get darude sandstorm oof edition going on as the sub sound,negative,0,10,Pre-buffer / Delay
theres the chad,negative,0,4,Pre-buffer / Delay
wow mom monkaw,positive,2,4,Pre-buffer / Delay
sadge,negative,0,1,Reduce Bitrate
feelsstrongman,negative,0,2,Reduce Bitrate
codemiko,positive,2,1,Pre-buffer / Delay
pepog,positive,2,1,Pre-buffer / Delay
just 4,negative,0,2,Reduce Bitrate
oh oh,positive,2,2,Pre-buffer / Delay
monkahmm,neutral,1,1,Pre-buffer / Delay
ive seen that a lot through my familycousins,negative,0,10,Pre-buffer / Delay
nah there was a recent one like last week,positive,2,10,Increase Bitrate
monkaw,negative,0,1,Reduce Bitrate
feelsstrongman goddamn,neutral,1,4,Pre-buffer / Delay
4,neutral,1,1,Pre-buffer / Delay
3,negative,0,1,Reduce Bitrate
wait til next weekend pepog,positive,2,7,Increase Bitrate
college shit,neutral,1,3,Pre-buffer / Delay
sogtetra sogtetra sogtetra,positive,2,5,Pre-buffer / Delay
pretty fucking serious,negative,0,5,Pre-buffer / Delay
yep,positive,2,1,Pre-buffer / Delay
you forgot being an engineer lulw,neutral,1,9,Maintain Bitrate
the most chad thing you can do is doing what you like without regrets and not giving a damn what other people think,positive,2,10,Increase Bitrate
as long as you dont feel like you have to do things all by yourself asking for help is honorable,neutral,1,10,Maintain Bitrate
what about a terrible marriage where the parents fight none stop,positive,2,10,Increase Bitrate
3 3 3,positive,2,3,Pre-buffer / Delay
thats bad for your health,negative,0,7,Pre-buffer / Delay
3,neutral,1,1,Pre-buffer / Delay
pog gigachad,positive,2,3,Pre-buffer / Delay
boomer,neutral,1,1,Pre-buffer / Delay
sigma male ez,negative,0,4,Pre-buffer / Delay
o,negative,0,1,Reduce Bitrate
this guy is great at expressing himself,positive,2,10,Increase Bitrate
i feel so similarly with a nerdy dad who plays games every day much more than i do love him but also it feels like too much at times,neutral,1,10,Maintain Bitrate
yea theres a lot of pain here,negative,0,9,Pre-buffer / Delay
biblethump,negative,0,2,Reduce Bitrate
no friends on discord sadge,negative,0,7,Pre-buffer / Delay
5k pog,positive,2,2,Pre-buffer / Delay
monkaw,positive,2,1,Pre-buffer / Delay
wow,negative,0,1,Reduce Bitrate
bro 4 ez,negative,0,3,Reduce Bitrate
pogchamp,positive,2,1,Pre-buffer / Delay
this guy is literally me,positive,2,7,Increase Bitrate
jebaited,positive,2,1,Pre-buffer / Delay
is the name dom like dominic or don like the last president,neutral,1,10,Maintain Bitrate
pogchamp pogchamp,positive,2,3,Pre-buffer / Delay
it does,negative,0,2,Reduce Bitrate
kekw,neutral,1,1,Pre-buffer / Delay
hey man it could be worse there is kids without parents spending christmas on an orphanage be blessed with where you are,positive,2,10,Increase Bitrate
i have friends that are like solidified family even after the divorce like we go on trips and i call them uncle and aunt and cousin,positive,2,10,Increase Bitrate
5head,neutral,1,1,Pre-buffer / Delay
thats heavy doc,positive,2,4,Pre-buffer / Delay
3,negative,0,1,Reduce Bitrate
monkas,negative,0,1,Reduce Bitrate
damn this is so high quality,negative,0,8,Pre-buffer / Delay
thats exactly it doing all the dishes and cleaning kitchen,positive,2,10,Increase Bitrate
3,positive,2,1,Pre-buffer / Delay
sadge,negative,0,1,Reduce Bitrate
gg,positive,2,1,Pre-buffer / Delay
jebaited,positive,2,1,Pre-buffer / Delay
but,negative,0,1,Reduce Bitrate
3,neutral,1,1,Pre-buffer / Delay
jebaited,positive,2,1,Pre-buffer / Delay
malone brown,neutral,1,3,Pre-buffer / Delay
kekw,positive,2,1,Pre-buffer / Delay
don,negative,0,1,Reduce Bitrate
i hate my life there is no purpose left,negative,0,10,Pre-buffer / Delay
ayaya,neutral,1,1,Pre-buffer / Delay
what are doms socials,negative,0,6,Pre-buffer / Delay
ez clap thats our gigachad,negative,0,7,Pre-buffer / Delay
sparca sparca sparca sparca sparca,neutral,1,8,Maintain Bitrate
kekw kekw,neutral,1,2,Pre-buffer / Delay
this is like when you whisper a joke and the teacher makes you explain to the class kekw,neutral,1,10,Maintain Bitrate
for us pog,positive,2,4,Pre-buffer / Delay
saved pog,positive,2,2,Pre-buffer / Delay
saved,neutral,1,1,Pre-buffer / Delay
oooo you got me freaking in the friday night,positive,2,10,Increase Bitrate
stop talking about the fookin divy,neutral,1,9,Maintain Bitrate
soy milk kappa,negative,0,4,Pre-buffer / Delay
3,neutral,1,1,Pre-buffer / Delay
wtf who says that it doesnt,positive,2,8,Increase Bitrate
6head,neutral,1,1,Pre-buffer / Delay
but thats what makes you special and different 3,negative,0,10,Pre-buffer / Delay
i dont like milk lulw,negative,0,7,Pre-buffer / Delay
ez clap,positive,2,2,Pre-buffer / Delay
yis,neutral,1,1,Pre-buffer / Delay
pog,positive,2,1,Pre-buffer / Delay
lul,neutral,1,1,Pre-buffer / Delay
hes redefining the word chad,positive,2,7,Increase Bitrate
pepog be a degen,positive,2,5,Pre-buffer / Delay
feelsstrongman,neutral,1,2,Pre-buffer / Delay
sadge,negative,0,1,Reduce Bitrate
what is this exercisemeditation called,positive,2,8,Increase Bitrate
me2 man sadge,negative,0,4,Pre-buffer / Delay
dragon,neutral,1,1,Pre-buffer / Delay
deskchan,neutral,1,1,Pre-buffer / Delay
yaaaa shikamarruu,positive,2,3,Pre-buffer / Delay
poggers,positive,2,1,Pre-buffer / Delay
pepog,positive,2,1,Pre-buffer / Delay
5head shikimaru,negative,0,3,Reduce Bitrate
3 3 3 3 virtualhug 3 virtualhug 3 virtualhug,neutral,1,10,Maintain Bitrate
4,positive,2,1,Pre-buffer / Delay
kekw,neutral,1,1,Pre-buffer / Delay
pog do it,positive,2,3,Pre-buffer / Delay
wtf,negative,0,1,Reduce Bitrate
especially writers,neutral,1,3,Pre-buffer / Delay
gg,positive,2,1,Pre-buffer / Delay
if you are enjoying the stream and want to support us consider subbing or donating link below to the channel and spreading the word,neutral,1,10,Maintain Bitrate
lets goooooooo im hyped,positive,2,6,Pre-buffer / Delay
sounds like he just wants to fit in sadge,negative,0,10,Pre-buffer / Delay
monkahmm,neutral,1,1,Pre-buffer / Delay
lmaoo,neutral,1,1,Pre-buffer / Delay
nodders woooo,positive,2,3,Pre-buffer / Delay
good guy dad feelsstrongman good guy dad feelsstrongman good guy dad feelsstrongman,neutral,1,10,Maintain Bitrate
bitly3r7czff,positive,2,2,Pre-buffer / Delay
true,negative,0,1,Reduce Bitrate
lulw,negative,0,1,Reduce Bitrate
dom like document object model,neutral,1,8,Maintain Bitrate
3 3 3 3 3 3 3 3 3 3 3,neutral,1,10,Maintain Bitrate
candy pog,positive,2,2,Pre-buffer / Delay
exactly holidays are shit thank you for confirming that doc,positive,2,10,Increase Bitrate
sadge ness,negative,0,3,Reduce Bitrate
lulw he aint wrong,neutral,1,5,Maintain Bitrate
malk is not healthy,positive,2,5,Pre-buffer / Delay
pog,positive,2,1,Pre-buffer / Delay
ez chad,neutral,1,2,Pre-buffer / Delay
cult leader yep,positive,2,4,Pre-buffer / Delay
sadge,negative,0,1,Reduce Bitrate
sadge,negative,0,1,Reduce Bitrate
omegalul,negative,0,1,Reduce Bitrate
guide,positive,2,1,Pre-buffer / Delay
pepelaugh,positive,2,1,Pre-buffer / Delay
ninja,positive,2,1,Pre-buffer / Delay
sus,positive,2,1,Pre-buffer / Delay
slap funky bass is divine gasmm,negative,0,9,Pre-buffer / Delay
ez gg,positive,2,2,Pre-buffer / Delay
jigsaw family feelsstrongman,neutral,1,5,Maintain Bitrate
sadge,negative,0,1,Reduce Bitrate
loveyougesture,positive,2,2,Pre-buffer / Delay
anime twist,negative,0,3,Reduce Bitrate
so hard,negative,0,2,Reduce Bitrate
ez,positive,2,1,Pre-buffer / Delay
lulw,neutral,1,1,Pre-buffer / Delay
joe,negative,0,1,Reduce Bitrate
omegalul,neutral,1,1,Pre-buffer / Delay
ez chad,negative,0,2,Reduce Bitrate
part 2 pog,positive,2,4,Pre-buffer / Delay
feelsstrongman,positive,2,2,Pre-buffer / Delay
well said,neutral,1,2,Pre-buffer / Delay
gg,positive,2,1,Pre-buffer / Delay
jebaited,positive,2,1,Pre-buffer / Delay
yep,positive,2,1,Pre-buffer / Delay
giga chad cult,positive,2,4,Pre-buffer / Delay
there is no time when you look into urself,positive,2,10,Increase Bitrate
nopers be you,positive,2,4,Pre-buffer / Delay
1 day at a time brother,negative,0,8,Pre-buffer / Delay
monkaw,negative,0,1,Reduce Bitrate
side quests,neutral,1,3,Pre-buffer / Delay
kekw,positive,2,1,Pre-buffer / Delay
word,negative,0,1,Reduce Bitrate
ayaya,positive,2,1,Pre-buffer / Delay
nard kappa,neutral,1,3,Pre-buffer / Delay
lulw,negative,0,1,Reduce Bitrate
feelsstrongman,negative,0,2,Reduce Bitrate
i mean doc is right,neutral,1,6,Maintain Bitrate
sadge,negative,0,1,Reduce Bitrate
viewer interviews are so good,neutral,1,7,Maintain Bitrate
hahahhaa,positive,2,1,Pre-buffer / Delay
jebaited,neutral,1,1,Pre-buffer / Delay
i see how it is matty your just never going to stream then,negative,0,10,Pre-buffer / Delay
lirik pog,positive,2,2,Pre-buffer / Delay
liddylune just raided the channel with 117 viewers pogchamp,positive,2,10,Increase Bitrate
that was so touching hasl hasl,negative,0,9,Pre-buffer / Delay
3,positive,2,1,Pre-buffer / Delay
just dont marry 5head,neutral,1,6,Maintain Bitrate
gigachad,neutral,1,1,Pre-buffer / Delay
i cant do that though sadge,negative,0,8,Pre-buffer / Delay
omegalul,positive,2,1,Pre-buffer / Delay
quinarrive quinarrive,neutral,1,4,Pre-buffer / Delay
pog,positive,2,1,Pre-buffer / Delay
sheesh that question hit the spot,positive,2,9,Increase Bitrate
two wolves,neutral,1,3,Pre-buffer / Delay
doctor kekw,negative,0,3,Reduce Bitrate
3 3 3,neutral,1,3,Pre-buffer / Delay
ez,positive,2,1,Pre-buffer / Delay
3,positive,2,1,Pre-buffer / Delay
yes,negative,0,1,Reduce Bitrate
just nut more 5head,negative,0,5,Pre-buffer / Delay
3 3 3,positive,2,3,Pre-buffer / Delay
brave for sharing,negative,0,4,Pre-buffer / Delay
life coaches jebaited,neutral,1,5,Maintain Bitrate
huge pog for dom,positive,2,5,Pre-buffer / Delay
3 3 3,positive,2,3,Pre-buffer / Delay
being human sadge,negative,0,4,Pre-buffer / Delay
chad for sure ez clap,negative,0,7,Pre-buffer / Delay
true,positive,2,1,Pre-buffer / Delay
5head,negative,0,1,Reduce Bitrate
omegalul,neutral,1,1,Pre-buffer / Delay
my dad did the same thing man i know how you feel i wasnt his biological kid but im his son,neutral,1,10,Maintain Bitrate
omegalul dr k,negative,0,4,Pre-buffer / Delay
advice crash a party,negative,0,6,Pre-buffer / Delay
usually fake stability only showcase for others on the outside every family has issues no single one is totally functional,positive,2,10,Increase Bitrate
sadge,negative,0,1,Reduce Bitrate
no love sadge,negative,0,4,Pre-buffer / Delay
backhandindexpointingright  ez,negative,0,5,Pre-buffer / Delay
we believe feelsstrongman,positive,2,5,Pre-buffer / Delay
i think he feels like his appearance doesnt represent his personality well,neutral,1,10,Maintain Bitrate
who do i contact to see if i can be unbanned from the discord,negative,0,10,Pre-buffer / Delay
pepog,positive,2,1,Pre-buffer / Delay
stone of life by steven pressfield tells a person who they are,neutral,1,10,Maintain Bitrate
sadge,negative,0,1,Reduce Bitrate
sus,negative,0,1,Reduce Bitrate
clap for your honesty,neutral,1,6,Maintain Bitrate
im getting back into producing,positive,2,8,Increase Bitrate
sus nut clarity,negative,0,4,Pre-buffer / Delay
waking up early to attend lectures,neutral,1,9,Maintain Bitrate
dom needs us,negative,0,4,Pre-buffer / Delay
oh nononon,positive,2,3,Pre-buffer / Delay
adidaswhatever yep,positive,2,3,Pre-buffer / Delay
i drink milk,negative,0,4,Pre-buffer / Delay
lol,neutral,1,1,Pre-buffer / Delay
3,neutral,1,1,Pre-buffer / Delay
sadge,negative,0,1,Reduce Bitrate
ranboo,positive,2,1,Pre-buffer / Delay
whos ls,positive,2,2,Pre-buffer / Delay
kekw,positive,2,1,Pre-buffer / Delay
pepelaugh,positive,2,1,Pre-buffer / Delay
yep,positive,2,1,Pre-buffer / Delay
lol,negative,0,1,Reduce Bitrate
jebaited,positive,2,1,Pre-buffer / Delay
monkahmm,neutral,1,1,Pre-buffer / Delay
lmao kekw,neutral,1,2,Pre-buffer / Delay
gigachad,negative,0,1,Reduce Bitrate
vermintide lets fucking go,negative,0,6,Pre-buffer / Delay
purpose,positive,2,1,Pre-buffer / Delay
a true american haschud haschud haschud haschud poggers,positive,2,10,Increase Bitrate
ez clap,positive,2,2,Pre-buffer / Delay
3,neutral,1,1,Pre-buffer / Delay
fudge sadge,negative,0,3,Reduce Bitrate
aniki,positive,2,1,Pre-buffer / Delay
he just lost someone yesterday,neutral,1,8,Maintain Bitrate
aaahhhh im deaf,neutral,1,4,Pre-buffer / Delay
drhgpog drhgpog drhgpog drhgpog,positive,2,7,Increase Bitrate
lulw,positive,2,1,Pre-buffer / Delay
notlikethis,negative,0,2,Reduce Bitrate
dr k has the doctor endgame bis race pog,positive,2,10,Increase Bitrate
5head,positive,2,1,Pre-buffer / Delay
sadge,negative,0,1,Reduce Bitrate
same sadge,negative,0,3,Reduce Bitrate
pog,positive,2,1,Pre-buffer / Delay
proud of you man 3 3,neutral,1,8,Maintain Bitrate
the hit by a vehicle thing is a half lie there,neutral,1,10,Maintain Bitrate
pepelaugh ok,neutral,1,3,Pre-buffer / Delay
howls moving castle shirt wouldve been poggers 3,positive,2,10,Increase Bitrate
you can do it chat feelsstrongman clap,positive,2,10,Increase Bitrate
healthygamergg has been streaming for  2 hours 6 mins,positive,2,10,Increase Bitrate
kekw nice,positive,2,2,Pre-buffer / Delay
he didnt know lol,positive,2,5,Pre-buffer / Delay
residentsleeper residentsleeper residentsleeper  please god no,positive,2,10,Increase Bitrate
kekw,neutral,1,1,Pre-buffer / Delay
processingplease wait,neutral,1,4,Pre-buffer / Delay
sadge,negative,0,1,Reduce Bitrate
you can have love and yet identify issues with upbringing,neutral,1,10,Maintain Bitrate
at least 2 days,positive,2,5,Pre-buffer / Delay
bloody mary monkaw,neutral,1,4,Pre-buffer / Delay
sleep is meditation,neutral,1,4,Pre-buffer / Delay
lan parties,neutral,1,3,Pre-buffer / Delay
im ls,positive,2,2,Pre-buffer / Delay
got it,negative,0,2,Reduce Bitrate
amouranth,negative,0,1,Reduce Bitrate
3,positive,2,1,Pre-buffer / Delay
3,neutral,1,1,Pre-buffer / Delay
3,positive,2,1,Pre-buffer / Delay
yikes,negative,0,1,Reduce Bitrate
brb getting a smokin hot wife,negative,0,8,Pre-buffer / Delay
lets gooooo aooooe,negative,0,4,Pre-buffer / Delay
pepelaugh,neutral,1,1,Pre-buffer / Delay
1,negative,0,1,Reduce Bitrate
3 3 feelsstrongman 3,negative,0,6,Pre-buffer / Delay
i have the same friends pandemic is just shiit,positive,2,10,Increase Bitrate
or you buy some of stuff and realize you paid waaayyyy too much for it  dont buy of stuff lul,positive,2,10,Increase Bitrate
ez,neutral,1,1,Pre-buffer / Delay
stocism bro,neutral,1,3,Pre-buffer / Delay
i need to do some push ups,neutral,1,9,Maintain Bitrate
kekw,positive,2,1,Pre-buffer / Delay
yeppp,positive,2,1,Pre-buffer / Delay
correct i am a chad,neutral,1,6,Maintain Bitrate
feelsstrongman,neutral,1,2,Pre-buffer / Delay
ez,positive,2,1,Pre-buffer / Delay
just 4head 4head,negative,0,4,Pre-buffer / Delay
noooooooo,negative,0,1,Reduce Bitrate
feelsstrongman he has a good heart it seems,negative,0,10,Pre-buffer / Delay
questions not to ask at a party,positive,2,10,Increase Bitrate
i know you monkaw,negative,0,5,Pre-buffer / Delay
seemsgood seemsgood,positive,2,3,Pre-buffer / Delay
i feel that man pain sadge,negative,0,8,Pre-buffer / Delay
omegalul,neutral,1,1,Pre-buffer / Delay
wooooow,negative,0,1,Reduce Bitrate
kekw,negative,0,1,Reduce Bitrate
liberal,negative,0,1,Reduce Bitrate
feelsstrongman,neutral,1,2,Pre-buffer / Delay
feelsstrongman attack on titan,negative,0,7,Pre-buffer / Delay
all love dom 3,positive,2,5,Pre-buffer / Delay
it mus be nice to have friends sadge,negative,0,10,Pre-buffer / Delay
jebaited,positive,2,1,Pre-buffer / Delay
wyu7 wyuvern wyu7,negative,0,4,Pre-buffer / Delay
not sure youd been paying attention clearly theres more to it than just not getting help,negative,0,10,Pre-buffer / Delay
i want to be a hardstuck g4 league player,negative,0,10,Pre-buffer / Delay
dr k like wtf,neutral,1,5,Maintain Bitrate
pepelaugh he doesnt know,positive,2,6,Pre-buffer / Delay
monkahmm,neutral,1,1,Pre-buffer / Delay
im actually happy for my parents getting divorced,neutral,1,10,Maintain Bitrate
funny enough his inspiration thundercat is anime loving bass player,negative,0,10,Pre-buffer / Delay
sadge,negative,0,1,Reduce Bitrate
true,negative,0,1,Reduce Bitrate
monkahmm,neutral,1,1,Pre-buffer / Delay
feelsbadman,negative,0,2,Reduce Bitrate
link for the stream on suicide,positive,2,9,Increase Bitrate
any chadders ez clap,negative,0,6,Pre-buffer / Delay
monkaw,positive,2,1,Pre-buffer / Delay
xd,neutral,1,1,Pre-buffer / Delay
brb,negative,0,1,Reduce Bitrate
t1,negative,0,1,Reduce Bitrate
omegalul,negative,0,1,Reduce Bitrate
i got exactly the same problem,neutral,1,9,Maintain Bitrate
gg no re ez clap,positive,2,6,Pre-buffer / Delay
just do it,neutral,1,4,Pre-buffer / Delay
the interview with the viewer is over dipsta,neutral,1,10,Maintain Bitrate
i always make excuses,positive,2,6,Pre-buffer / Delay
pogu,positive,2,1,Pre-buffer / Delay
pog name,positive,2,2,Pre-buffer / Delay
sadge,negative,0,1,Reduce Bitrate
dr k omegalul,positive,2,4,Pre-buffer / Delay
lol,positive,2,1,Pre-buffer / Delay
this guy speaks so goddamn well,neutral,1,9,Maintain Bitrate
kekw,negative,0,1,Reduce Bitrate
facts,negative,0,1,Reduce Bitrate
kekl,neutral,1,1,Pre-buffer / Delay
stop calling me out,positive,2,5,Pre-buffer / Delay
i am not getting any discord invite link after filling info on website,negative,0,10,Pre-buffer / Delay
oh ffs,neutral,1,2,Pre-buffer / Delay
moves so quickly,negative,0,4,Pre-buffer / Delay
his ae,neutral,1,2,Pre-buffer / Delay
feelsstrongman,negative,0,2,Reduce Bitrate
nice story dude,neutral,1,4,Pre-buffer / Delay
how much do you let go and not focus on who you want to be,neutral,1,10,Maintain Bitrate
sadge,negative,0,1,Reduce Bitrate
oh,neutral,1,1,Pre-buffer / Delay
lmao,positive,2,1,Pre-buffer / Delay
1 day,negative,0,2,Reduce Bitrate
why do i feel like this is useless advise,negative,0,10,Pre-buffer / Delay
its great,positive,2,2,Pre-buffer / Delay
3,negative,0,1,Reduce Bitrate
i had the same situation growing up its tough for sure,positive,2,10,Increase Bitrate
kapp,neutral,1,1,Pre-buffer / Delay
feelsstrongman,negative,0,2,Reduce Bitrate
feelsstrongman,negative,0,2,Reduce Bitrate
sadge relatable for me too,negative,0,7,Pre-buffer / Delay
kekw,negative,0,1,Reduce Bitrate
cherd pog,positive,2,2,Pre-buffer / Delay
jebaited,neutral,1,1,Pre-buffer / Delay
damn i feel this,neutral,1,5,Maintain Bitrate
lets get this bread,negative,0,5,Pre-buffer / Delay
pepehands,positive,2,1,Pre-buffer / Delay
sorry i hope you find purpose one day just believe that people care about you right now,negative,0,10,Pre-buffer / Delay
gg,positive,2,1,Pre-buffer / Delay
when you de only one that posts links,positive,2,10,Increase Bitrate
o,negative,0,1,Reduce Bitrate
buy kitty litter,positive,2,4,Pre-buffer / Delay
4 dads pog,positive,2,4,Pre-buffer / Delay
3 3 3,positive,2,3,Pre-buffer / Delay
3,neutral,1,1,Pre-buffer / Delay
pog,positive,2,1,Pre-buffer / Delay
its him dr k   if its the mirror its him,positive,2,10,Increase Bitrate
not mine sadge,negative,0,4,Pre-buffer / Delay
based,neutral,1,1,Pre-buffer / Delay
not even 3 days before kekw,negative,0,8,Pre-buffer / Delay
sadge,negative,0,1,Reduce Bitrate
ayaya,neutral,1,1,Pre-buffer / Delay
3 3 3 3 3 3 3 3 3,positive,2,10,Increase Bitrate
wdym by that pepelaugh,positive,2,6,Pre-buffer / Delay
o,positive,2,1,Pre-buffer / Delay
21 or 22,positive,2,3,Pre-buffer / Delay
lets go,neutral,1,2,Pre-buffer / Delay
pepog,positive,2,1,Pre-buffer / Delay
shikamaru nice,positive,2,3,Pre-buffer / Delay
just did 10 pushups thanks doc,positive,2,9,Increase Bitrate
dooooooo ettt,negative,0,3,Reduce Bitrate
love in 2k21 pepelaugh,neutral,1,6,Maintain Bitrate
pog,positive,2,1,Pre-buffer / Delay
double chad,positive,2,3,Pre-buffer / Delay
we love you dom,neutral,1,5,Maintain Bitrate
actually same when going to uni,positive,2,9,Increase Bitrate
omegalul,positive,2,1,Pre-buffer / Delay
monkaw,neutral,1,1,Pre-buffer / Delay
but what do you want,negative,0,7,Pre-buffer / Delay
puglego puglego puglego puglego puglego puglego puglego,positive,2,10,Increase Bitrate
o7 yes sir,positive,2,4,Pre-buffer / Delay
4head,positive,2,1,Pre-buffer / Delay
nooooooooo kekw kekw kekw,positive,2,6,Pre-buffer / Delay
cmon man,positive,2,2,Pre-buffer / Delay
absolutely not,positive,2,3,Pre-buffer / Delay
pepelaugh,negative,0,1,Reduce Bitrate
chaps2heart chaps2heart,positive,2,4,Pre-buffer / Delay
feelsstrongman,negative,0,2,Reduce Bitrate
monkaw twist,positive,2,3,Pre-buffer / Delay
i have glass bones and paper skin,negative,0,10,Pre-buffer / Delay
is there a true love tho,neutral,1,8,Maintain Bitrate
ez,neutral,1,1,Pre-buffer / Delay
kekw ego,negative,0,2,Reduce Bitrate
take action,positive,2,3,Pre-buffer / Delay
5 push ups would kill me,negative,0,8,Pre-buffer / Delay
daily mantra do something today that will make tomorrow better than yesterday 3,negative,0,10,Pre-buffer / Delay
do you want to run track,positive,2,8,Increase Bitrate
3,positive,2,1,Pre-buffer / Delay
boomer,positive,2,1,Pre-buffer / Delay
thanks btw dr k,neutral,1,5,Maintain Bitrate
4head just do it,negative,0,5,Pre-buffer / Delay
ez,negative,0,1,Reduce Bitrate
lul,positive,2,1,Pre-buffer / Delay
fucking dont do it stooooooooooop,positive,2,8,Increase Bitrate
i envy this man,negative,0,5,Pre-buffer / Delay
dr k giga chad ez clap,positive,2,8,Increase Bitrate
sounds like your dad was struggling and used video games to cope and hard to blame for that,positive,2,10,Increase Bitrate
hey dom heyguys,neutral,1,4,Pre-buffer / Delay
awwww,negative,0,1,Reduce Bitrate
sadge,negative,0,1,Reduce Bitrate
even  married  ppl have a hard time asking 4  help n letting prideegos,neutral,1,10,Maintain Bitrate
im going to solo a dungeon in wow,negative,0,10,Pre-buffer / Delay
5head,negative,0,1,Reduce Bitrate
same,neutral,1,1,Pre-buffer / Delay
sadge,negative,0,1,Reduce Bitrate
ez,positive,2,1,Pre-buffer / Delay
shavasana,neutral,1,1,Pre-buffer / Delay
milk pog,positive,2,2,Pre-buffer / Delay
this guy is a stand up dude,negative,0,9,Pre-buffer / Delay
5head,positive,2,1,Pre-buffer / Delay
lulw,negative,0,1,Reduce Bitrate
self jebaited,positive,2,3,Pre-buffer / Delay
you need some milk,neutral,1,5,Maintain Bitrate
4head,neutral,1,1,Pre-buffer / Delay
gg,positive,2,1,Pre-buffer / Delay
ayaya,negative,0,1,Reduce Bitrate
monkaw lets go,neutral,1,4,Pre-buffer / Delay
sadge,negative,0,1,Reduce Bitrate
girlfriend,neutral,1,2,Pre-buffer / Delay
ez,positive,2,1,Pre-buffer / Delay
kekw,negative,0,1,Reduce Bitrate
slam the fart,negative,0,4,Pre-buffer / Delay
sadge,negative,0,1,Reduce Bitrate
prove then wrong ez clap,negative,0,7,Pre-buffer / Delay
imperceptible but steady change,negative,0,7,Pre-buffer / Delay
clap,negative,0,1,Reduce Bitrate
sus,negative,0,1,Reduce Bitrate
d,negative,0,1,Reduce Bitrate
angelthump,positive,2,2,Pre-buffer / Delay
unhappy people staying together also hurts the kids,positive,2,10,Increase Bitrate
jebaited,negative,0,1,Reduce Bitrate
you dont have to say this all on stream man,negative,0,10,Pre-buffer / Delay
dont overthink pepog,positive,2,5,Pre-buffer / Delay
hasan,neutral,1,1,Pre-buffer / Delay
yeah thats gonne be nice,negative,0,7,Pre-buffer / Delay
you look good bro,negative,0,5,Pre-buffer / Delay
monkaw,negative,0,1,Reduce Bitrate
thats me biblethump,negative,0,4,Pre-buffer / Delay
kekw,negative,0,1,Reduce Bitrate
dizzig,neutral,1,1,Pre-buffer / Delay
gg,positive,2,1,Pre-buffer / Delay
i feel man,neutral,1,4,Pre-buffer / Delay
ez clap,neutral,1,2,Pre-buffer / Delay
party members pog,positive,2,4,Pre-buffer / Delay
oh man i feel that,positive,2,6,Pre-buffer / Delay
i think that is from shakespeare,neutral,1,9,Maintain Bitrate
3 3 3 3,negative,0,4,Pre-buffer / Delay
sadge clap,negative,0,3,Reduce Bitrate
he is tho,positive,2,3,Pre-buffer / Delay
smorc dom smash,neutral,1,4,Pre-buffer / Delay
ya this be dark,negative,0,5,Pre-buffer / Delay
ez,positive,2,1,Pre-buffer / Delay
sameeee,negative,0,1,Reduce Bitrate
cost more in the grand scheme,neutral,1,8,Maintain Bitrate
endowed th chad,negative,0,4,Pre-buffer / Delay
sadge,negative,0,1,Reduce Bitrate
lul,neutral,1,1,Pre-buffer / Delay
no one would message me anyway feelsbadman,neutral,1,10,Maintain Bitrate
3,positive,2,1,Pre-buffer / Delay
life is not about avoiding hurt is it,neutral,1,10,Maintain Bitrate
wutface wutface wutface wutface,positive,2,7,Increase Bitrate
sadge,negative,0,1,Reduce Bitrate
can anyone tell me the name of channel discord server please,negative,0,10,Pre-buffer / Delay
dude this is me sadge,negative,0,7,Pre-buffer / Delay
again with the looking for a steady place with people who he was supposed to rely on and they failed him,negative,0,10,Pre-buffer / Delay
kekw,negative,0,1,Reduce Bitrate
3,neutral,1,1,Pre-buffer / Delay
hydrate chads,positive,2,3,Pre-buffer / Delay
feelsstrongman,negative,0,2,Reduce Bitrate
pepelaugh,negative,0,1,Reduce Bitrate
kekw,negative,0,1,Reduce Bitrate
sadge doubts,negative,0,3,Reduce Bitrate
feelsstrongman,positive,2,2,Pre-buffer / Delay
pog,positive,2,1,Pre-buffer / Delay
lulw,neutral,1,1,Pre-buffer / Delay
same here man,positive,2,4,Pre-buffer / Delay
think and act together to stop overthinking,positive,2,10,Increase Bitrate
always on dnd b,neutral,1,5,Maintain Bitrate
lul,positive,2,1,Pre-buffer / Delay
notlikethis notlikethis notlikethis notlikethis,neutral,1,8,Maintain Bitrate
pog clap,positive,2,2,Pre-buffer / Delay
kekw,negative,0,1,Reduce Bitrate
play the half orc bro,positive,2,7,Increase Bitrate
damn,neutral,1,1,Pre-buffer / Delay
feelsstrongman this is getting emotional,positive,2,9,Increase Bitrate
whats wrong with that,neutral,1,6,Maintain Bitrate
hachubby,neutral,1,1,Pre-buffer / Delay
ez,negative,0,1,Reduce Bitrate
lets goooo,positive,2,3,Pre-buffer / Delay
3,neutral,1,1,Pre-buffer / Delay
noooooooo,negative,0,1,Reduce Bitrate
lol,positive,2,1,Pre-buffer / Delay
monkw,negative,0,1,Reduce Bitrate
asl,negative,0,1,Reduce Bitrate
for the bois,neutral,1,4,Pre-buffer / Delay
deep dark fantasies sadge,negative,0,6,Pre-buffer / Delay
my whole life sadge,negative,0,5,Pre-buffer / Delay
3 days x 52 lulw,positive,2,6,Pre-buffer / Delay
5head,positive,2,1,Pre-buffer / Delay
link,neutral,1,1,Pre-buffer / Delay
yessss,neutral,1,1,Pre-buffer / Delay
yes,negative,0,1,Reduce Bitrate
3,negative,0,1,Reduce Bitrate
saved clap,negative,0,3,Reduce Bitrate
haha what omegalul,neutral,1,4,Pre-buffer / Delay
lit,neutral,1,1,Pre-buffer / Delay
feelsstrongman,neutral,1,2,Pre-buffer / Delay
pog pog pog pog,positive,2,5,Pre-buffer / Delay
weird,neutral,1,1,Pre-buffer / Delay
pepelaugh,positive,2,1,Pre-buffer / Delay
nooooooooooo,neutral,1,2,Pre-buffer / Delay
thats beautiful,negative,0,3,Reduce Bitrate
no way,negative,0,2,Reduce Bitrate
gl gl,negative,0,2,Reduce Bitrate
kekw lets gooo,neutral,1,4,Pre-buffer / Delay
ooooo,negative,0,1,Reduce Bitrate
lets goooo aooooe,neutral,1,4,Pre-buffer / Delay
my lie detector got a flash,positive,2,8,Increase Bitrate
kekw sadge,negative,0,3,Reduce Bitrate
the desk slam lul,negative,0,5,Pre-buffer / Delay
is the quote do something that makes you proud of who you are today,neutral,1,10,Maintain Bitrate
3,positive,2,1,Pre-buffer / Delay
true,positive,2,1,Pre-buffer / Delay
kekw,positive,2,1,Pre-buffer / Delay
that would never happen lul,neutral,1,7,Maintain Bitrate
twitch plebs pog,positive,2,4,Pre-buffer / Delay
guide,negative,0,1,Reduce Bitrate
chat why everyone got salty eyes,negative,0,9,Pre-buffer / Delay
ayaya,positive,2,1,Pre-buffer / Delay
picking up the slack of another worthless man feelsstrongman,positive,2,10,Increase Bitrate
thats what i was wondering did doc mean bio,negative,0,10,Pre-buffer / Delay
monkaw,neutral,1,1,Pre-buffer / Delay
pepelaugh,positive,2,1,Pre-buffer / Delay
this is very deep,positive,2,5,Pre-buffer / Delay
indian gigachad,positive,2,3,Pre-buffer / Delay
pepog indeed,positive,2,3,Pre-buffer / Delay
awesome,positive,2,1,Pre-buffer / Delay
i think he would do wonderfully in therapy given his intelligence and awareness levels,neutral,1,10,Maintain Bitrate
its fresh tho,negative,0,4,Pre-buffer / Delay
kekw,neutral,1,1,Pre-buffer / Delay
3,negative,0,1,Reduce Bitrate
listening to ma and da screaming at each other every evening also isnt great,negative,0,10,Pre-buffer / Delay
pepelaugh,positive,2,1,Pre-buffer / Delay
lulw we,positive,2,2,Pre-buffer / Delay
feelsstrongman,negative,0,2,Reduce Bitrate
i wonder what tyler1 would talk about on here,negative,0,10,Pre-buffer / Delay
lulw,negative,0,1,Reduce Bitrate
wait wat,negative,0,2,Reduce Bitrate
poggers,positive,2,1,Pre-buffer / Delay
ouch,negative,0,1,Reduce Bitrate
feelsstrongman,neutral,1,2,Pre-buffer / Delay
family,neutral,1,1,Pre-buffer / Delay
it is what it is,negative,0,6,Pre-buffer / Delay
ez,positive,2,1,Pre-buffer / Delay
glassofmilk   mizkifkid,negative,0,4,Pre-buffer / Delay
i slept 2 hours ago,negative,0,6,Pre-buffer / Delay
you can be bits of both or neither what matters is youre happy,neutral,1,10,Maintain Bitrate
adidas chad,negative,0,3,Reduce Bitrate
3,negative,0,1,Reduce Bitrate
dude wut,positive,2,2,Pre-buffer / Delay
pepog study at the last minute,positive,2,9,Increase Bitrate
lupok lupok lupok lupok lupok lupok,negative,0,9,Pre-buffer / Delay
thats deep,negative,0,3,Reduce Bitrate
its ok,positive,2,2,Pre-buffer / Delay
or who i wanna be in the future,positive,2,10,Increase Bitrate
ez,positive,2,1,Pre-buffer / Delay
well get there pepelaugh,neutral,1,6,Maintain Bitrate
jebaited discord,neutral,1,3,Pre-buffer / Delay
feelsstrongman,positive,2,2,Pre-buffer / Delay
dr k just pulled what we call a pro gamer move 5head poggers,positive,2,10,Increase Bitrate
feelsstrongman,neutral,1,2,Pre-buffer / Delay
jebaited,positive,2,1,Pre-buffer / Delay
lol,positive,2,1,Pre-buffer / Delay
sadge,negative,0,1,Reduce Bitrate
monkaw,positive,2,1,Pre-buffer / Delay
feelsstrongman dad 3,neutral,1,5,Maintain Bitrate
common sense,negative,0,3,Reduce Bitrate
sivhd,negative,0,1,Reduce Bitrate
sadge,negative,0,1,Reduce Bitrate
dang dom is so much more wise than me,negative,0,10,Pre-buffer / Delay
lessgoooooo,neutral,1,2,Pre-buffer / Delay
tmitwitchtv,positive,2,2,Pre-buffer / Delay
its so easy to imagine yourself at the end of the journey but its the littliest of steps that truly matter,neutral,1,10,Maintain Bitrate
omegalul,negative,0,1,Reduce Bitrate
kodak black tunnel vision,negative,0,6,Pre-buffer / Delay
3,positive,2,1,Pre-buffer / Delay
kappapride nice,neutral,1,3,Pre-buffer / Delay
kekw,positive,2,1,Pre-buffer / Delay
not milk ez clap,neutral,1,5,Maintain Bitrate
pog should have,positive,2,4,Pre-buffer / Delay
monkahmm,neutral,1,1,Pre-buffer / Delay
add gigachad sub emote zoilbless,negative,0,8,Pre-buffer / Delay
poggers  glassofmilk,positive,2,4,Pre-buffer / Delay
ily dr k,neutral,1,3,Pre-buffer / Delay
vohiyo,negative,0,1,Reduce Bitrate
sadge,negative,0,1,Reduce Bitrate
nmpfeels nmpfeels nmpfeels nmpfeels nmpfeels nmpfeels nmpfeels nmpfeels nmpfeels nmpfeels,positive,2,10,Increase Bitrate
kekw,neutral,1,1,Pre-buffer / Delay
d,neutral,1,1,Pre-buffer / Delay
lul,neutral,1,1,Pre-buffer / Delay
believers in ez,neutral,1,4,Pre-buffer / Delay
enlightenment llol,positive,2,3,Pre-buffer / Delay
kekw,negative,0,1,Reduce Bitrate
lfggggg,positive,2,1,Pre-buffer / Delay
cherd,negative,0,1,Reduce Bitrate
4head,positive,2,1,Pre-buffer / Delay
sadge,negative,0,1,Reduce Bitrate
3,positive,2,1,Pre-buffer / Delay
gigachad gg,positive,2,3,Pre-buffer / Delay
i feel like he might be a silent objector,negative,0,10,Pre-buffer / Delay
kek,positive,2,1,Pre-buffer / Delay
why not hell yea do it haha,neutral,1,9,Maintain Bitrate
ez,positive,2,1,Pre-buffer / Delay
sadge wtf,negative,0,2,Reduce Bitrate
jebaited,positive,2,1,Pre-buffer / Delay
lets go,neutral,1,2,Pre-buffer / Delay
kekw 3,negative,0,2,Reduce Bitrate
the whole thing is too common,neutral,1,8,Maintain Bitrate
oh god kekw,neutral,1,4,Pre-buffer / Delay
too many plans,negative,0,4,Pre-buffer / Delay
lul lul lul lul,positive,2,5,Pre-buffer / Delay
i find it hard to focus while meditating any tip,positive,2,10,Increase Bitrate
biblethumb 3,neutral,1,3,Pre-buffer / Delay
sadge,negative,0,1,Reduce Bitrate
monkaw,positive,2,1,Pre-buffer / Delay
yep always seems easier than  it is,positive,2,10,Increase Bitrate
omegalul,positive,2,1,Pre-buffer / Delay
yep,positive,2,1,Pre-buffer / Delay
les gooo,neutral,1,2,Pre-buffer / Delay
thanks boys for having me it was great to be with you,neutral,1,10,Maintain Bitrate
better not,positive,2,3,Pre-buffer / Delay
laughs in 2 burritos,neutral,1,6,Maintain Bitrate
sadge,negative,0,1,Reduce Bitrate
oh no,positive,2,2,Pre-buffer / Delay
less go manh pog,positive,2,5,Pre-buffer / Delay
oh no pepelaugh,positive,2,4,Pre-buffer / Delay
jebaited,positive,2,1,Pre-buffer / Delay
kekw  doodoo,neutral,1,3,Pre-buffer / Delay
copium copium copium,positive,2,5,Pre-buffer / Delay
based,negative,0,1,Reduce Bitrate
lul,positive,2,1,Pre-buffer / Delay
dr k hivemind,neutral,1,4,Pre-buffer / Delay
s,positive,2,1,Pre-buffer / Delay
wheres the link aooooe,positive,2,6,Pre-buffer / Delay
lol,neutral,1,1,Pre-buffer / Delay
dont wanna get kinda horny now lul monkas,negative,0,10,Pre-buffer / Delay
get the mirror out of your room though,neutral,1,10,Maintain Bitrate
lingeringthoughts169wordpresscom,negative,0,4,Pre-buffer / Delay
3,negative,0,1,Reduce Bitrate
feelsokayman,neutral,1,2,Pre-buffer / Delay
sadge,negative,0,1,Reduce Bitrate
when i was like 15 i stopped going to my dads place because i was tired of moving back and forth i think more children should have that option,negative,0,10,Pre-buffer / Delay
i believe,neutral,1,2,Pre-buffer / Delay
lets go pumped,neutral,1,4,Pre-buffer / Delay
sadge,negative,0,1,Reduce Bitrate
lulw,positive,2,1,Pre-buffer / Delay
being there for his friends,neutral,1,7,Maintain Bitrate
true lulw,neutral,1,2,Pre-buffer / Delay
dom,neutral,1,1,Pre-buffer / Delay
pog,positive,2,1,Pre-buffer / Delay
sadge oof,negative,0,2,Reduce Bitrate
lets go bros,positive,2,4,Pre-buffer / Delay
3 3 3 3,positive,2,4,Pre-buffer / Delay
lul,positive,2,1,Pre-buffer / Delay
gaychad,negative,0,1,Reduce Bitrate
kinda sus,negative,0,2,Reduce Bitrate
true,neutral,1,1,Pre-buffer / Delay
yep,positive,2,1,Pre-buffer / Delay
not emo enough to be an uchiha,positive,2,10,Increase Bitrate
you got lucky lul,neutral,1,5,Maintain Bitrate
oh man 3,neutral,1,3,Pre-buffer / Delay
i always wanted to commit suicide since i was in middle school at the end of high school i had over 400 absences and had to take 4 exams in summer school i feel like i ruined my life because i lived my life like i was going to kill myself the next day now im 21 and play games all day i feel like ive caged myself destroyed my own life,neutral,1,10,Maintain Bitrate
tmitwitchtv,negative,0,2,Reduce Bitrate
ahmedabad,neutral,1,1,Pre-buffer / Delay
oh no what a way to end,negative,0,9,Pre-buffer / Delay
feelsstrongman,neutral,1,2,Pre-buffer / Delay
dom got isekaid in our world,positive,2,8,Increase Bitrate
bloody mary,positive,2,3,Pre-buffer / Delay
3,negative,0,1,Reduce Bitrate
pepelaugh,positive,2,1,Pre-buffer / Delay
still dom lulw,negative,0,4,Pre-buffer / Delay
ah sadge,negative,0,2,Reduce Bitrate
sadge,negative,0,1,Reduce Bitrate
raid omniboi,neutral,1,3,Pre-buffer / Delay
juster mieber,negative,0,3,Reduce Bitrate
oh hell no,neutral,1,4,Pre-buffer / Delay
if u have big bobs then make money with it,negative,0,10,Pre-buffer / Delay
omegalul,neutral,1,1,Pre-buffer / Delay
monkahmm,neutral,1,1,Pre-buffer / Delay
bro i relate to this man so muhc,neutral,1,10,Maintain Bitrate
waytoodank,neutral,1,2,Pre-buffer / Delay
no he def new,positive,2,5,Pre-buffer / Delay
lul,negative,0,1,Reduce Bitrate
pepelaugh,positive,2,1,Pre-buffer / Delay
same,negative,0,1,Reduce Bitrate
felt that too,neutral,1,4,Pre-buffer / Delay
clap,positive,2,1,Pre-buffer / Delay
sodasadcat 3,neutral,1,3,Pre-buffer / Delay
sadge,negative,0,1,Reduce Bitrate
xqcomega,neutral,1,1,Pre-buffer / Delay
oooo,negative,0,1,Reduce Bitrate
5 in yoga  5 intellect,negative,0,7,Pre-buffer / Delay
dr k looks so confused lmao,negative,0,8,Pre-buffer / Delay
im bout to play swotor actually pogchamp,positive,2,10,Increase Bitrate
lul,positive,2,1,Pre-buffer / Delay
dr k mental guide release date when chat,neutral,1,10,Maintain Bitrate
apprecite you bro your confession will save lives,negative,0,10,Pre-buffer / Delay
4head,neutral,1,1,Pre-buffer / Delay
ye thats weird,neutral,1,4,Pre-buffer / Delay
alkbg,negative,0,1,Reduce Bitrate
notlikethis,neutral,1,2,Pre-buffer / Delay
monkaw,neutral,1,1,Pre-buffer / Delay
hero dad feelsstrongman,negative,0,5,Pre-buffer / Delay
feelsstrongman cult leader,negative,0,5,Pre-buffer / Delay
he is your true father man 3,neutral,1,9,Maintain Bitrate
lulw lets gooooo,positive,2,4,Pre-buffer / Delay
lol,neutral,1,1,Pre-buffer / Delay
pog,positive,2,1,Pre-buffer / Delay
monkaw cult leader,positive,2,4,Pre-buffer / Delay
strong,positive,2,1,Pre-buffer / Delay
im so invested doms got this,neutral,1,8,Maintain Bitrate
ez,neutral,1,1,Pre-buffer / Delay
monkahmm,neutral,1,1,Pre-buffer / Delay
holy shit feelsstrongman,negative,0,5,Pre-buffer / Delay
giga windu,positive,2,3,Pre-buffer / Delay
sadge,negative,0,1,Reduce Bitrate
monkaw,neutral,1,1,Pre-buffer / Delay
gg muted ez,positive,2,4,Pre-buffer / Delay
sadge,negative,0,1,Reduce Bitrate
3,positive,2,1,Pre-buffer / Delay
drk got trolled and actually hosted this onlyfans egirl,neutral,1,10,Maintain Bitrate
wutface notlikethis,negative,0,3,Reduce Bitrate
clap 3,neutral,1,2,Pre-buffer / Delay
pepelaugh,positive,2,1,Pre-buffer / Delay
pog youre right,positive,2,4,Pre-buffer / Delay
4head just,positive,2,3,Pre-buffer / Delay
4head,neutral,1,1,Pre-buffer / Delay
two paths,negative,0,2,Reduce Bitrate
motivation episode from wednesday pog,positive,2,8,Increase Bitrate
chad touched  love that lul,neutral,1,7,Maintain Bitrate
lulw,positive,2,1,Pre-buffer / Delay
monkaw,neutral,1,1,Pre-buffer / Delay
lulw,neutral,1,1,Pre-buffer / Delay
kekw smth like that,positive,2,5,Pre-buffer / Delay
bitly3bqnmfr,negative,0,2,Reduce Bitrate
3 3 3 3 3,neutral,1,5,Maintain Bitrate
sadge,negative,0,1,Reduce Bitrate
mom popped off lul,neutral,1,5,Maintain Bitrate
ez,negative,0,1,Reduce Bitrate
lul,positive,2,1,Pre-buffer / Delay
we need link,positive,2,4,Pre-buffer / Delay
destiny,neutral,1,1,Pre-buffer / Delay
pog,positive,2,1,Pre-buffer / Delay
ez,positive,2,1,Pre-buffer / Delay
ez dr chad,positive,2,4,Pre-buffer / Delay
oh instant regret,negative,0,4,Pre-buffer / Delay
kekw,positive,2,1,Pre-buffer / Delay
kekw,positive,2,1,Pre-buffer / Delay
3,neutral,1,1,Pre-buffer / Delay
sadge,negative,0,1,Reduce Bitrate
true lulw,negative,0,2,Reduce Bitrate
ez  glassofmilk,positive,2,3,Pre-buffer / Delay
im 100 invested  chartincreasing,neutral,1,7,Maintain Bitrate
3,negative,0,1,Reduce Bitrate
the life of the mid chad,negative,0,8,Pre-buffer / Delay
chat u checked lulw,positive,2,5,Pre-buffer / Delay
hype,positive,2,1,Pre-buffer / Delay
bitly3r7czff,neutral,1,2,Pre-buffer / Delay
smash bros pog,positive,2,4,Pre-buffer / Delay
abandoned sadge,negative,0,3,Reduce Bitrate
do it for the kult 3 3 3 3,negative,0,10,Pre-buffer / Delay
5head,neutral,1,1,Pre-buffer / Delay
ayaya anime is always more important,positive,2,9,Increase Bitrate
dansgame,negative,0,1,Reduce Bitrate
4 years  3 lulw,positive,2,5,Pre-buffer / Delay
damn,positive,2,1,Pre-buffer / Delay
haha,positive,2,1,Pre-buffer / Delay
pepelaugh,neutral,1,1,Pre-buffer / Delay
just did 10 pog,positive,2,5,Pre-buffer / Delay
lul based,neutral,1,2,Pre-buffer / Delay
3,positive,2,1,Pre-buffer / Delay
5head,neutral,1,1,Pre-buffer / Delay
ez,neutral,1,1,Pre-buffer / Delay
kaypikeheart kaypikeheart kaypikeheart kaypikeheart kaypikeheart,neutral,1,10,Maintain Bitrate
i havent had a family holiday in 9 yrs im only 22,neutral,1,10,Maintain Bitrate
thats it man so true,positive,2,7,Increase Bitrate
do squats,neutral,1,2,Pre-buffer / Delay
4head ban divorce,neutral,1,4,Pre-buffer / Delay
omegalul,positive,2,1,Pre-buffer / Delay
same here man same here,neutral,1,7,Maintain Bitrate
aooooe,negative,0,1,Reduce Bitrate
surprise mechanic yep,positive,2,5,Pre-buffer / Delay
postem,negative,0,1,Reduce Bitrate
i just realized i can see a tiny dr k in there zekekek,positive,2,10,Increase Bitrate
aooooe,negative,0,1,Reduce Bitrate
jealous good kekw,neutral,1,4,Pre-buffer / Delay
chad ez,negative,0,2,Reduce Bitrate
mommy goes around,neutral,1,4,Pre-buffer / Delay
noooooooooooooo,positive,2,2,Pre-buffer / Delay
lul lul lul,negative,0,4,Pre-buffer / Delay
kekw,neutral,1,1,Pre-buffer / Delay
yep,positive,2,1,Pre-buffer / Delay
pepog,positive,2,1,Pre-buffer / Delay
pepega me,neutral,1,2,Pre-buffer / Delay
ha ha ha lul,negative,0,5,Pre-buffer / Delay
kek,neutral,1,1,Pre-buffer / Delay
monkaw hol up,negative,0,4,Pre-buffer / Delay
whos idea was this,neutral,1,5,Maintain Bitrate
knowing where to start is the hardest,positive,2,10,Increase Bitrate
kekw,positive,2,1,Pre-buffer / Delay
only if ya want,positive,2,5,Pre-buffer / Delay
nodders nodders,negative,0,3,Reduce Bitrate
absolut chad,positive,2,3,Pre-buffer / Delay
puglego puglego,positive,2,3,Pre-buffer / Delay
kekw,neutral,1,1,Pre-buffer / Delay
justin weebier kekw,negative,0,4,Pre-buffer / Delay
monkaw,positive,2,1,Pre-buffer / Delay
just notice it 4head,negative,0,6,Pre-buffer / Delay
ooh i fall apart,neutral,1,5,Maintain Bitrate
true,positive,2,1,Pre-buffer / Delay
grass,neutral,1,1,Pre-buffer / Delay
lol,positive,2,1,Pre-buffer / Delay
being yourself,negative,0,3,Reduce Bitrate
xddd,negative,0,1,Reduce Bitrate
phew was worried he was gonna call that normal too monkas,negative,0,10,Pre-buffer / Delay
i hope my kids love me this much when they get older annieshug annieshug,neutral,1,10,Maintain Bitrate
sadge,negative,0,1,Reduce Bitrate
hes smart af,neutral,1,4,Pre-buffer / Delay
3,positive,2,1,Pre-buffer / Delay
a lot of pain starts there,negative,0,8,Pre-buffer / Delay
thats not how u use that word monkahmm,neutral,1,10,Maintain Bitrate
just because our parents gave birth to us it doesnt make them good or healthy parents unfortunately i dont feel like i have in parents a figure of support or a source of solace,neutral,1,10,Maintain Bitrate
do them on your kitchen counter if doing them on the flat floor is too hard,negative,0,10,Pre-buffer / Delay
i dont think it is just his genuine expressions,neutral,1,10,Maintain Bitrate
i want 10 kilos,neutral,1,5,Maintain Bitrate
finally he smiled freaked me out for a sec monkas,neutral,1,10,Maintain Bitrate
there isnt one pile that fixes every problem for everyone would be nice but i depend on so so many factors,positive,2,10,Increase Bitrate
do it for us dom,negative,0,6,Pre-buffer / Delay
aooooe,negative,0,1,Reduce Bitrate
hes googling post nut clarity,negative,0,7,Pre-buffer / Delay
chad,negative,0,1,Reduce Bitrate
feelsstrongman,negative,0,2,Reduce Bitrate
lol,neutral,1,1,Pre-buffer / Delay
based,positive,2,1,Pre-buffer / Delay
loving the advice 3,positive,2,5,Pre-buffer / Delay
3,negative,0,1,Reduce Bitrate
a cherd,positive,2,2,Pre-buffer / Delay
dr k going hard sheeeesh,positive,2,7,Increase Bitrate
brian fungineer,negative,0,3,Reduce Bitrate
love this dude,negative,0,4,Pre-buffer / Delay
gaming all day yes lets go pepog,positive,2,10,Increase Bitrate
kekw,positive,2,1,Pre-buffer / Delay
hot tub raid lul,negative,0,5,Pre-buffer / Delay
sadge,negative,0,1,Reduce Bitrate
baby dont hurt me dont hurt me no more,negative,0,10,Pre-buffer / Delay
feelsstrongman,neutral,1,2,Pre-buffer / Delay
me,negative,0,1,Reduce Bitrate
i thought this guy was a great storyteller makes a lot of sense that he writes,negative,0,10,Pre-buffer / Delay
notlikethis here comes the panic,positive,2,8,Increase Bitrate
feelsstrongman,neutral,1,2,Pre-buffer / Delay
hahahaha,negative,0,1,Reduce Bitrate
feelsstrongman,neutral,1,2,Pre-buffer / Delay
lul,negative,0,1,Reduce Bitrate
true,positive,2,1,Pre-buffer / Delay
what an ending omg,neutral,1,5,Maintain Bitrate
we do pepelaugh,positive,2,4,Pre-buffer / Delay
gg,positive,2,1,Pre-buffer / Delay
i feel this guys words personally but never knew how to voice it right,neutral,1,10,Maintain Bitrate
pog,positive,2,1,Pre-buffer / Delay
hype pog,positive,2,2,Pre-buffer / Delay
4head,neutral,1,1,Pre-buffer / Delay
monkaw wut,negative,0,3,Reduce Bitrate
pog,positive,2,1,Pre-buffer / Delay
wow,positive,2,1,Pre-buffer / Delay
poggers  poggers  poggers,positive,2,5,Pre-buffer / Delay
5head,negative,0,1,Reduce Bitrate
this guy gas an incredible amount of compassion i genuinely believe he will be okay  redheart,neutral,1,10,Maintain Bitrate
b omegalul omegalul ba,negative,0,6,Pre-buffer / Delay
a pass  thinkingface,negative,0,5,Pre-buffer / Delay
widepeeposad,positive,2,2,Pre-buffer / Delay
hypers lets go,positive,2,4,Pre-buffer / Delay
humans arent just good or bad they have qualities of both,negative,0,10,Pre-buffer / Delay
ayaya,neutral,1,1,Pre-buffer / Delay
damn,neutral,1,1,Pre-buffer / Delay
that was awesome,neutral,1,4,Pre-buffer / Delay
about this exact topic,positive,2,6,Pre-buffer / Delay
copium,positive,2,1,Pre-buffer / Delay
we know you poggers,positive,2,5,Pre-buffer / Delay
jebaited,positive,2,1,Pre-buffer / Delay
hypers  chartincreasing,positive,2,4,Pre-buffer / Delay
3 3 3,negative,0,3,Reduce Bitrate
gtm,positive,2,1,Pre-buffer / Delay
its alright not to know in your 20s,negative,0,10,Pre-buffer / Delay
nmpl,positive,2,1,Pre-buffer / Delay
jebaited,negative,0,1,Reduce Bitrate
sadge,negative,0,1,Reduce Bitrate
so true,negative,0,2,Reduce Bitrate
sadge,negative,0,1,Reduce Bitrate
education on suicide recently on his vods,positive,2,10,Increase Bitrate
he said he is middle college,neutral,1,8,Maintain Bitrate
dont,neutral,1,1,Pre-buffer / Delay
monkaw homework,positive,2,3,Pre-buffer / Delay
n what,positive,2,2,Pre-buffer / Delay
sadge,negative,0,1,Reduce Bitrate
milk is healty,neutral,1,4,Pre-buffer / Delay
monkahmm,neutral,1,1,Pre-buffer / Delay
bitly3bqnmfr,negative,0,2,Reduce Bitrate
also cherry on top you develop a big ego thinking youre so smart you do good while studying less which also makes your top gear slower than it should,positive,2,10,Increase Bitrate
sadge,negative,0,1,Reduce Bitrate
lulw,positive,2,1,Pre-buffer / Delay
frontal lobe 5head,negative,0,4,Pre-buffer / Delay
this guy make a youtube channel for each hobby u love to discuss more and grow a fan base from his opinions on fantasy n scifi my dude,neutral,1,10,Maintain Bitrate
censored,positive,2,1,Pre-buffer / Delay
thank you so much,neutral,1,5,Maintain Bitrate
pog do it for chat,positive,2,6,Pre-buffer / Delay
poop,neutral,1,1,Pre-buffer / Delay
and everyone else,negative,0,4,Pre-buffer / Delay
i felt that sadge,negative,0,5,Pre-buffer / Delay
oh thats bad as athlete and nutrition major,neutral,1,10,Maintain Bitrate
drhgheart drhgheart drhgheart,neutral,1,5,Maintain Bitrate
based sadge,negative,0,3,Reduce Bitrate
lmao,negative,0,1,Reduce Bitrate
memories,negative,0,1,Reduce Bitrate
would his life be better,negative,0,7,Pre-buffer / Delay
feelsstrongman,positive,2,2,Pre-buffer / Delay
sadge,negative,0,1,Reduce Bitrate
its 3am here,neutral,1,4,Pre-buffer / Delay
same man,positive,2,2,Pre-buffer / Delay
i do not wish to be horny anymore sadge,negative,0,10,Pre-buffer / Delay
sadge,negative,0,1,Reduce Bitrate
3,negative,0,1,Reduce Bitrate
same bro,positive,2,2,Pre-buffer / Delay
3 3 3 3 3 3 3 3 3 3,neutral,1,10,Maintain Bitrate
i see dom monkaw,negative,0,5,Pre-buffer / Delay
deep,negative,0,1,Reduce Bitrate
notlikethis notlikethis notlikethis,negative,0,6,Pre-buffer / Delay
tacos are bad,neutral,1,4,Pre-buffer / Delay
cult letsgo,neutral,1,3,Pre-buffer / Delay
proficiency in yoga at lvl 1 pogchamp,positive,2,10,Increase Bitrate
ez giga chad nodders,negative,0,6,Pre-buffer / Delay
amen,negative,0,1,Reduce Bitrate
notlikethis,negative,0,2,Reduce Bitrate
thank you good luck,positive,2,5,Pre-buffer / Delay
ego,negative,0,1,Reduce Bitrate
4head,neutral,1,1,Pre-buffer / Delay
so itll depend on if he feels accepted from the outside,negative,0,10,Pre-buffer / Delay
yea,neutral,1,1,Pre-buffer / Delay
pepog do,positive,2,2,Pre-buffer / Delay
5 pushups done at 330 am,positive,2,8,Increase Bitrate
pog,positive,2,1,Pre-buffer / Delay
yah,positive,2,1,Pre-buffer / Delay
i got it,negative,0,3,Reduce Bitrate
this sounds stupid butjust be yourself,positive,2,9,Increase Bitrate
lulw,positive,2,1,Pre-buffer / Delay
p omegalul s t n omegalul t,neutral,1,9,Maintain Bitrate
my mans tryna find himself,negative,0,7,Pre-buffer / Delay
idk i had a commitment early in life to always cling onto hope and not consider true death as an option,negative,0,10,Pre-buffer / Delay
pog,positive,2,1,Pre-buffer / Delay
pog,positive,2,1,Pre-buffer / Delay
if youre not helpless then be helped,neutral,1,10,Maintain Bitrate
holidays just painful yeah notlikethis,negative,0,8,Pre-buffer / Delay
pokel pokel pokel,negative,0,4,Pre-buffer / Delay
kekw,positive,2,1,Pre-buffer / Delay
no contact with parents siblings live to far apart,neutral,1,10,Maintain Bitrate
sadge,negative,0,1,Reduce Bitrate
sadge,negative,0,1,Reduce Bitrate
lol,positive,2,1,Pre-buffer / Delay
omegalul true,negative,0,3,Reduce Bitrate
5head,negative,0,1,Reduce Bitrate
aooooe,positive,2,1,Pre-buffer / Delay
imls,negative,0,1,Reduce Bitrate
mood sadge,negative,0,3,Reduce Bitrate
ez clap,positive,2,2,Pre-buffer / Delay
i am a chad ez,positive,2,6,Pre-buffer / Delay
ez,neutral,1,1,Pre-buffer / Delay
pog,positive,2,1,Pre-buffer / Delay
games hypers,positive,2,3,Pre-buffer / Delay
what if you think its not enough,neutral,1,10,Maintain Bitrate
3,negative,0,1,Reduce Bitrate
aooooe lets goooooo,positive,2,4,Pre-buffer / Delay
i eat a ton of candy i eat healthy,positive,2,10,Increase Bitrate
dont go to a place with 100 walls monkaw,negative,0,10,Pre-buffer / Delay
hard to explain briefly i suggest to do your own research if youre interested its about depersonification,positive,2,10,Increase Bitrate
im a jigsaw family too,negative,0,7,Pre-buffer / Delay
kappapride,positive,2,2,Pre-buffer / Delay
sadge,negative,0,1,Reduce Bitrate
dr k gigachad,neutral,1,4,Pre-buffer / Delay
drhgheart drhgaoe1 drhgaoe2 drhgaoe3,neutral,1,7,Maintain Bitrate
pepelaugh,positive,2,1,Pre-buffer / Delay
sadge,negative,0,1,Reduce Bitrate
the chad is in here points to heart,positive,2,10,Increase Bitrate
pogu,positive,2,1,Pre-buffer / Delay
gnoblin,negative,0,1,Reduce Bitrate
defo worst,neutral,1,3,Pre-buffer / Delay
man sadge,negative,0,2,Reduce Bitrate
ez,positive,2,1,Pre-buffer / Delay
lsv,positive,2,1,Pre-buffer / Delay
hi,negative,0,1,Reduce Bitrate
thank you for this i benefitted a lot from this,neutral,1,10,Maintain Bitrate
dr chad,positive,2,2,Pre-buffer / Delay
lul,neutral,1,1,Pre-buffer / Delay
3,negative,0,1,Reduce Bitrate
were normal pog,positive,2,4,Pre-buffer / Delay
lulw,negative,0,1,Reduce Bitrate
that does happen lol i feel the urge of listening to music,positive,2,10,Increase Bitrate
3,positive,2,1,Pre-buffer / Delay
oof,neutral,1,1,Pre-buffer / Delay
3,neutral,1,1,Pre-buffer / Delay
i just got here can someone recap,negative,0,10,Pre-buffer / Delay
3 thank you dom,neutral,1,5,Maintain Bitrate
sweet bass,positive,2,3,Pre-buffer / Delay
kekw,neutral,1,1,Pre-buffer / Delay
omg omegalul help,positive,2,4,Pre-buffer / Delay
lul,negative,0,1,Reduce Bitrate
3,negative,0,1,Reduce Bitrate
halfchad halforc,negative,0,3,Reduce Bitrate
utah is tough,positive,2,4,Pre-buffer / Delay
widepeeposad,negative,0,2,Reduce Bitrate
what if i have mental blocks towards my task,negative,0,10,Pre-buffer / Delay
feelsstrongman,positive,2,2,Pre-buffer / Delay
domexe has stopped working,neutral,1,6,Maintain Bitrate
pepelaugh pepelaugh,negative,0,3,Reduce Bitrate
wow,positive,2,1,Pre-buffer / Delay
monkahmm,neutral,1,1,Pre-buffer / Delay
hes doing crack,positive,2,4,Pre-buffer / Delay
coomer sadge,negative,0,3,Reduce Bitrate
i love how honest he is,neutral,1,8,Maintain Bitrate
could somebody tell me where the doc is on discord for the interviews,neutral,1,10,Maintain Bitrate
beautifully said dom,neutral,1,5,Maintain Bitrate
lolw,positive,2,1,Pre-buffer / Delay
3 3 3 3 3,positive,2,5,Pre-buffer / Delay
uptime,positive,2,1,Pre-buffer / Delay
cool feelsokayman,neutral,1,3,Pre-buffer / Delay
lul,negative,0,1,Reduce Bitrate
wut,negative,0,1,Reduce Bitrate
its ok 21 is still very very young you have a lot of time to turn it around the good part is you recognize it,positive,2,10,Increase Bitrate
dominic,negative,0,1,Reduce Bitrate
3 clap,negative,0,2,Reduce Bitrate
jebaited fell for it,neutral,1,6,Maintain Bitrate
anime supremacy,positive,2,3,Pre-buffer / Delay
nooo,negative,0,1,Reduce Bitrate
baby baby baby ohhh,negative,0,5,Pre-buffer / Delay
100 push ups 100 sit ups 100 squats 10km run,negative,0,10,Pre-buffer / Delay
video games can be idealistic,neutral,1,7,Maintain Bitrate
ghibili merch is fire go all out,negative,0,10,Pre-buffer / Delay
5head,negative,0,1,Reduce Bitrate
nah you dont look like one you act like you,positive,2,10,Increase Bitrate
take time,positive,2,2,Pre-buffer / Delay
geradab gerap gerap gerap,positive,2,6,Pre-buffer / Delay
supervinlin supervinlin,neutral,1,4,Pre-buffer / Delay
monkas have her watch the hg channel kapp,positive,2,10,Increase Bitrate
whats that,neutral,1,3,Pre-buffer / Delay
3,positive,2,1,Pre-buffer / Delay
voteyea,negative,0,1,Reduce Bitrate
yep thats why i dropped out,positive,2,8,Increase Bitrate
kekwait,neutral,1,1,Pre-buffer / Delay
4head,neutral,1,1,Pre-buffer / Delay
dud,neutral,1,1,Pre-buffer / Delay
i remember that time lol,neutral,1,7,Maintain Bitrate
boomer,negative,0,1,Reduce Bitrate
pog,positive,2,1,Pre-buffer / Delay
monkaw chat arse,negative,0,4,Pre-buffer / Delay
lets gooo,neutral,1,2,Pre-buffer / Delay
babystreak,positive,2,2,Pre-buffer / Delay
really you tell us to do stuff and then raid amouranth lol,negative,0,10,Pre-buffer / Delay
destiny,positive,2,1,Pre-buffer / Delay
aye right,neutral,1,2,Pre-buffer / Delay
trainwreckstv,neutral,1,2,Pre-buffer / Delay
3 3 3 3 3,positive,2,5,Pre-buffer / Delay
monkaw,neutral,1,1,Pre-buffer / Delay
does anyone know in their 20s,negative,0,8,Pre-buffer / Delay
modcheck audio modcheck,neutral,1,5,Maintain Bitrate
kekw,negative,0,1,Reduce Bitrate
pepelaugh,positive,2,1,Pre-buffer / Delay
p,negative,0,1,Reduce Bitrate
kekw,neutral,1,1,Pre-buffer / Delay
shameless plug gg,positive,2,4,Pre-buffer / Delay
kekw,positive,2,1,Pre-buffer / Delay
monkaw,neutral,1,1,Pre-buffer / Delay
jebaited oof,neutral,1,3,Pre-buffer / Delay
yeah for sure the candor this man has is astounding way to go man,negative,0,10,Pre-buffer / Delay
homework,negative,0,1,Reduce Bitrate
sadge,negative,0,1,Reduce Bitrate
lul,negative,0,1,Reduce Bitrate
kekw dr k rolled us gg,positive,2,8,Increase Bitrate
kekw,negative,0,1,Reduce Bitrate
pog,positive,2,1,Pre-buffer / Delay
sadge,negative,0,1,Reduce Bitrate
5head,neutral,1,1,Pre-buffer / Delay
pog look at him go,positive,2,6,Pre-buffer / Delay
pepog,positive,2,1,Pre-buffer / Delay
hes making this up,positive,2,5,Pre-buffer / Delay
whyd the stream end,negative,0,5,Pre-buffer / Delay
sadge damn,negative,0,3,Reduce Bitrate
sus,negative,0,1,Reduce Bitrate
ez chad,positive,2,2,Pre-buffer / Delay
dom  doom sadge,negative,0,4,Pre-buffer / Delay
muted,positive,2,1,Pre-buffer / Delay
dissociation is aweful sadge,negative,0,6,Pre-buffer / Delay
im paining a new item for small box,negative,0,10,Pre-buffer / Delay
monkahmm,neutral,1,1,Pre-buffer / Delay
doubters out feelsokayman,neutral,1,5,Maintain Bitrate
those are wise words 3 3 3 3 3 3 3 3 3 3 3 3 3 3 3 3 3 3 3 3 3 3 3 3 3 3 3 3 3 3 3 3 3 3 3 3,neutral,1,10,Maintain Bitrate
3,positive,2,1,Pre-buffer / Delay
just talk to drk 4head,neutral,1,7,Maintain Bitrate
5head,negative,0,1,Reduce Bitrate
im still checking lulw,neutral,1,6,Maintain Bitrate
healthygamergg has been streaming for  2 hours 19 mins,positive,2,10,Increase Bitrate
true 3,positive,2,2,Pre-buffer / Delay
monkahmm,neutral,1,1,Pre-buffer / Delay
4head,positive,2,1,Pre-buffer / Delay
joe,neutral,1,1,Pre-buffer / Delay
monkaw,neutral,1,1,Pre-buffer / Delay
lulw,neutral,1,1,Pre-buffer / Delay
im not crying,positive,2,4,Pre-buffer / Delay
twitch chad,negative,0,3,Reduce Bitrate
3,negative,0,1,Reduce Bitrate
watch you wannabe kappa,neutral,1,6,Maintain Bitrate
feelsstrongman let it out,positive,2,6,Pre-buffer / Delay
nooooo wayyy omegalul,positive,2,5,Pre-buffer / Delay
sadge,negative,0,1,Reduce Bitrate
sadge,negative,0,1,Reduce Bitrate
tectone,neutral,1,1,Pre-buffer / Delay
which system,negative,0,3,Reduce Bitrate
omegalul,negative,0,1,Reduce Bitrate
hes in amouranths stream,negative,0,6,Pre-buffer / Delay
same here as well 25 pounds exactly wtf,neutral,1,10,Maintain Bitrate
ayyyyy 3,negative,0,2,Reduce Bitrate
peepoleave pepodance peepoleave,neutral,1,6,Maintain Bitrate
just 4 omegalul,neutral,1,4,Pre-buffer / Delay
kekw,positive,2,1,Pre-buffer / Delay
jebaited me,positive,2,3,Pre-buffer / Delay
quinl,positive,2,1,Pre-buffer / Delay
nike,negative,0,1,Reduce Bitrate
lulw,neutral,1,1,Pre-buffer / Delay
ls,neutral,1,1,Pre-buffer / Delay
yah u have a bright future,neutral,1,8,Maintain Bitrate
better be oat my dude,negative,0,7,Pre-buffer / Delay
monkas,neutral,1,1,Pre-buffer / Delay
if you say theres always tomorrow then youll keep saying it until there is no more tomorrows  fearless motivation,neutral,1,10,Maintain Bitrate
masta windu,positive,2,3,Pre-buffer / Delay
lirik pog,positive,2,2,Pre-buffer / Delay
amoga,neutral,1,1,Pre-buffer / Delay
lol,neutral,1,1,Pre-buffer / Delay
hes breaking dr k,negative,0,5,Pre-buffer / Delay
or shikamaru good luck men,neutral,1,7,Maintain Bitrate
i feel you,negative,0,4,Pre-buffer / Delay
same,negative,0,1,Reduce Bitrate
ramana maharshi,neutral,1,3,Pre-buffer / Delay
i feel that big time,positive,2,7,Increase Bitrate
omegalul,positive,2,1,Pre-buffer / Delay
sit ups,negative,0,2,Reduce Bitrate
pog  we do,positive,2,4,Pre-buffer / Delay
actual boomer,negative,0,3,Reduce Bitrate
lulw,positive,2,1,Pre-buffer / Delay
lul,negative,0,1,Reduce Bitrate
chad with a chad dad too,positive,2,8,Increase Bitrate
kappa,negative,0,1,Reduce Bitrate
xdddd,neutral,1,1,Pre-buffer / Delay
ez make an example mr chad,neutral,1,8,Maintain Bitrate
sadge,negative,0,1,Reduce Bitrate
dr k skipping through the 500 ways to meditate in his mind 5head,negative,0,10,Pre-buffer / Delay
wow that is powerful,positive,2,6,Pre-buffer / Delay
pepog,positive,2,1,Pre-buffer / Delay
monkahmm,neutral,1,1,Pre-buffer / Delay
i remember that,positive,2,4,Pre-buffer / Delay
thats why i dont celebrate my birthday as only child it was the worst,neutral,1,10,Maintain Bitrate
twitch chat anitadyarr,neutral,1,5,Maintain Bitrate
feelsstrongman,neutral,1,2,Pre-buffer / Delay
dons blog,negative,0,2,Reduce Bitrate
ez,positive,2,1,Pre-buffer / Delay
seemsgood,neutral,1,1,Pre-buffer / Delay
my counselor suggested i start writing as well,positive,2,10,Increase Bitrate
hassan,neutral,1,1,Pre-buffer / Delay
milk gang,neutral,1,2,Pre-buffer / Delay
for the lulz,negative,0,4,Pre-buffer / Delay
ok got the link im out,positive,2,8,Increase Bitrate
who am i,negative,0,3,Reduce Bitrate
upper class shit,neutral,1,4,Pre-buffer / Delay
yeah,neutral,1,1,Pre-buffer / Delay
what a chad ez clap,neutral,1,6,Maintain Bitrate
brain,positive,2,1,Pre-buffer / Delay
feelsstrongman,negative,0,2,Reduce Bitrate
tmitwitchtv,positive,2,2,Pre-buffer / Delay
hi,negative,0,1,Reduce Bitrate
omegalul,positive,2,1,Pre-buffer / Delay
4,positive,2,1,Pre-buffer / Delay
lets go,neutral,1,2,Pre-buffer / Delay
29 here,neutral,1,2,Pre-buffer / Delay
lets go bro 3,negative,0,5,Pre-buffer / Delay
kekw black justin bieber,positive,2,6,Pre-buffer / Delay
being suicidal is normal feelsgoodman,positive,2,8,Increase Bitrate
luvhearts,neutral,1,1,Pre-buffer / Delay
giga chad 3,neutral,1,4,Pre-buffer / Delay
i am sleeping right now,neutral,1,7,Maintain Bitrate
for us 3,negative,0,3,Reduce Bitrate
what is an ego death,negative,0,7,Pre-buffer / Delay
ayaya,positive,2,1,Pre-buffer / Delay
right,negative,0,1,Reduce Bitrate
its the clarity my dude,neutral,1,7,Maintain Bitrate
chad protien drink,positive,2,4,Pre-buffer / Delay
yes,neutral,1,1,Pre-buffer / Delay
link pog,positive,2,2,Pre-buffer / Delay
chad ez,neutral,1,2,Pre-buffer / Delay
ez clap doesnt need mic,positive,2,7,Increase Bitrate
aooooe,positive,2,1,Pre-buffer / Delay
monkahmm,neutral,1,1,Pre-buffer / Delay
candy pogchamp,positive,2,3,Pre-buffer / Delay
gotem,positive,2,1,Pre-buffer / Delay
ewww humans,neutral,1,3,Pre-buffer / Delay
monkaw,positive,2,1,Pre-buffer / Delay
lesgooooo poggers,positive,2,3,Pre-buffer / Delay
sadge,negative,0,1,Reduce Bitrate
ok kappa,positive,2,2,Pre-buffer / Delay
jebaited,negative,0,1,Reduce Bitrate
3,neutral,1,1,Pre-buffer / Delay
post nut enlightenment 5head,negative,0,6,Pre-buffer / Delay
kekw,negative,0,1,Reduce Bitrate
feelsstrongman clap 3,negative,0,5,Pre-buffer / Delay
pepelaugh oh no no,positive,2,5,Pre-buffer / Delay
pog,positive,2,1,Pre-buffer / Delay
lul lul lul,negative,0,4,Pre-buffer / Delay
who is this dude,positive,2,5,Pre-buffer / Delay
kekw,negative,0,1,Reduce Bitrate
34,positive,2,1,Pre-buffer / Delay
yus watch more anime,negative,0,6,Pre-buffer / Delay
sadge,negative,0,1,Reduce Bitrate
good dad feelsstrongman,positive,2,5,Pre-buffer / Delay
sadge,negative,0,1,Reduce Bitrate
smorc clap,positive,2,3,Pre-buffer / Delay
yep,positive,2,1,Pre-buffer / Delay
powerlessness,negative,0,2,Reduce Bitrate
youre a 61 gigachad athlete cut yourself some slack brother,neutral,1,10,Maintain Bitrate
kekw,negative,0,1,Reduce Bitrate
lfggggggg,positive,2,1,Pre-buffer / Delay
what if a streamer wants to come on but is to nervous,positive,2,10,Increase Bitrate
cow go moo pepog,positive,2,5,Pre-buffer / Delay
malk widepeepohappy,negative,0,3,Reduce Bitrate
samskara,positive,2,1,Pre-buffer / Delay
a man will hyper focus on getting off that there is a wave of clarity that comes after it happens,positive,2,10,Increase Bitrate
lirik pog,positive,2,2,Pre-buffer / Delay
kenjataimu,positive,2,2,Pre-buffer / Delay
i only had my alcoholic mom,negative,0,8,Pre-buffer / Delay
sadge,negative,0,1,Reduce Bitrate
that hurts sadge,negative,0,4,Pre-buffer / Delay
candice,positive,2,1,Pre-buffer / Delay
sadge,negative,0,1,Reduce Bitrate
dr kek lul,negative,0,4,Pre-buffer / Delay
8 years,positive,2,2,Pre-buffer / Delay
can we refund our brain and get a new one,negative,0,10,Pre-buffer / Delay
believers ez clap,neutral,1,4,Pre-buffer / Delay
same w work,negative,0,4,Pre-buffer / Delay
3,neutral,1,1,Pre-buffer / Delay
biblethump biblethump,negative,0,4,Pre-buffer / Delay
lulw,negative,0,1,Reduce Bitrate
pepog get touched by chads,positive,2,7,Increase Bitrate
the don,negative,0,2,Reduce Bitrate
lirikcozysip lyoon1595,neutral,1,4,Pre-buffer / Delay
this man is a champ,negative,0,6,Pre-buffer / Delay
monkas,neutral,1,1,Pre-buffer / Delay
anyone got a link,positive,2,5,Pre-buffer / Delay
hahaha,positive,2,1,Pre-buffer / Delay
feelsstrongman,neutral,1,2,Pre-buffer / Delay
who am i modcheck,negative,0,5,Pre-buffer / Delay
apes strong together ape gang 3,positive,2,9,Increase Bitrate
true lulw,positive,2,2,Pre-buffer / Delay
same,positive,2,1,Pre-buffer / Delay
chadtouched lulw,neutral,1,3,Pre-buffer / Delay
3,positive,2,1,Pre-buffer / Delay
i opened the loot box a couple times  didnt ever win  got  scars from it once though was a bad decision,neutral,1,10,Maintain Bitrate
crying rnn,negative,0,3,Reduce Bitrate
word,positive,2,1,Pre-buffer / Delay
monkaw,positive,2,1,Pre-buffer / Delay
kekw,positive,2,1,Pre-buffer / Delay
omegalul,negative,0,1,Reduce Bitrate
guide,positive,2,1,Pre-buffer / Delay
amogus,positive,2,1,Pre-buffer / Delay
healthygamergg has been streaming for  1 hour 56 mins,positive,2,10,Increase Bitrate
boomer,positive,2,1,Pre-buffer / Delay
inner chad pog,positive,2,4,Pre-buffer / Delay
mustve been watching some weird stuff lul,neutral,1,10,Maintain Bitrate
kekw,negative,0,1,Reduce Bitrate
alc lowkey better than sugar,positive,2,7,Increase Bitrate
lets go to sleep,positive,2,5,Pre-buffer / Delay
3 3 3 3,negative,0,4,Pre-buffer / Delay
10000,positive,2,1,Pre-buffer / Delay
do it,negative,0,2,Reduce Bitrate
kekw,positive,2,1,Pre-buffer / Delay
how to i get that normal experience,neutral,1,10,Maintain Bitrate
owl2019gg,positive,2,1,Pre-buffer / Delay
panic,neutral,1,1,Pre-buffer / Delay
sleep,negative,0,1,Reduce Bitrate
spoopykit,neutral,1,1,Pre-buffer / Delay
wow,negative,0,1,Reduce Bitrate
not amoraunyh,positive,2,3,Pre-buffer / Delay
feelsstrongman,positive,2,2,Pre-buffer / Delay
kekw,negative,0,1,Reduce Bitrate
think a second,negative,0,4,Pre-buffer / Delay
gg rolled ez clap,positive,2,5,Pre-buffer / Delay
tis really tempting to keep playing dark souls 2 lads,neutral,1,10,Maintain Bitrate
ive invested 500 shares dude,positive,2,7,Increase Bitrate
ez,positive,2,1,Pre-buffer / Delay
kekw,negative,0,1,Reduce Bitrate
sadge,negative,0,1,Reduce Bitrate
pls no,negative,0,2,Reduce Bitrate
kkona,negative,0,1,Reduce Bitrate
lulw,negative,0,1,Reduce Bitrate
lol,neutral,1,1,Pre-buffer / Delay
pepelaugh,neutral,1,1,Pre-buffer / Delay
kekwait,positive,2,1,Pre-buffer / Delay
samesies,negative,0,1,Reduce Bitrate
i feel like there is always something better to do,negative,0,10,Pre-buffer / Delay
me too,neutral,1,2,Pre-buffer / Delay
tru,positive,2,1,Pre-buffer / Delay
feelsstrongman,positive,2,2,Pre-buffer / Delay
sadge or sell your body to the military,negative,0,10,Pre-buffer / Delay
wat,positive,2,1,Pre-buffer / Delay
ayaya,negative,0,1,Reduce Bitrate
kekw,positive,2,1,Pre-buffer / Delay
gigachad ez 1,negative,0,4,Pre-buffer / Delay
no its not its so good tahts why it hurts so much,negative,0,10,Pre-buffer / Delay
pog,positive,2,1,Pre-buffer / Delay
omegalul,positive,2,1,Pre-buffer / Delay
everyone chug milk,neutral,1,4,Pre-buffer / Delay
hypers,positive,2,1,Pre-buffer / Delay
omegalul,negative,0,1,Reduce Bitrate
pepog,positive,2,1,Pre-buffer / Delay
kekw,neutral,1,1,Pre-buffer / Delay
yep clap,positive,2,2,Pre-buffer / Delay
lulw,negative,0,1,Reduce Bitrate
i like the guy 3,negative,0,6,Pre-buffer / Delay
oh here we are safe hypers,positive,2,8,Increase Bitrate
3,neutral,1,1,Pre-buffer / Delay
sadge,negative,0,1,Reduce Bitrate
link,neutral,1,1,Pre-buffer / Delay
kekw,negative,0,1,Reduce Bitrate
kekw,negative,0,1,Reduce Bitrate
why does it feel embarrassing when people see me living thru the goals,positive,2,10,Increase Bitrate
cps,neutral,1,1,Pre-buffer / Delay
amouranth,neutral,1,1,Pre-buffer / Delay
3 3 3,negative,0,3,Reduce Bitrate
1 for that one,neutral,1,5,Maintain Bitrate
pog,positive,2,1,Pre-buffer / Delay
who,neutral,1,1,Pre-buffer / Delay
physical condition degrades if not maintained,neutral,1,10,Maintain Bitrate
good lord,positive,2,2,Pre-buffer / Delay
pogchamp,positive,2,1,Pre-buffer / Delay
those are wise words 3,negative,0,7,Pre-buffer / Delay
lets go poggers,positive,2,4,Pre-buffer / Delay
coomers notlikethis,positive,2,3,Pre-buffer / Delay
aot pog,positive,2,2,Pre-buffer / Delay
based,negative,0,1,Reduce Bitrate
pepog gg,positive,2,2,Pre-buffer / Delay
when is a behavior following the natural mind and when is it addiction  when does i am hungry so i eat i play a game because i want to play a game become more why couldnt the neglected responsibilities be of the separate self and not the games,negative,0,10,Pre-buffer / Delay
i wish mine would lkl,negative,0,7,Pre-buffer / Delay
pepeg i am not who i want to be i am me,neutral,1,10,Maintain Bitrate
pog ez clap,positive,2,4,Pre-buffer / Delay
lulw,negative,0,1,Reduce Bitrate
itachi,negative,0,1,Reduce Bitrate
ez,positive,2,1,Pre-buffer / Delay
feelsstrongman,neutral,1,2,Pre-buffer / Delay
o 3,positive,2,2,Pre-buffer / Delay
feelsstrongman,negative,0,2,Reduce Bitrate
guide,negative,0,1,Reduce Bitrate
pepelaugh,neutral,1,1,Pre-buffer / Delay
lulw,neutral,1,1,Pre-buffer / Delay
feelsbadman,negative,0,2,Reduce Bitrate
ooouu,negative,0,1,Reduce Bitrate
5head,positive,2,1,Pre-buffer / Delay
if you are enjoying the stream and want to support us consider subbing or donating link below to the channel and spreading the word,neutral,1,10,Maintain Bitrate
got me crying in the club,neutral,1,8,Maintain Bitrate
lfgggg,positive,2,1,Pre-buffer / Delay
bro why is he worried about people seeing it instead of trying to get the help hes lookng for like fk those people,negative,0,10,Pre-buffer / Delay
how old is he,neutral,1,5,Maintain Bitrate
uber danger,neutral,1,3,Pre-buffer / Delay
loool,neutral,1,1,Pre-buffer / Delay
be multitudes bruh,neutral,1,4,Pre-buffer / Delay
seemsgood,negative,0,1,Reduce Bitrate
sadge,negative,0,1,Reduce Bitrate
lol,neutral,1,1,Pre-buffer / Delay
pog,positive,2,1,Pre-buffer / Delay
femly feelsstrongman,negative,0,4,Pre-buffer / Delay
ez clap,positive,2,2,Pre-buffer / Delay
feelsstrongman feelsstrongman feelsstrongman feelsstrongman feelsstrongman,neutral,1,10,Maintain Bitrate
puglego buddy lets do this,neutral,1,7,Maintain Bitrate
sadge,negative,0,1,Reduce Bitrate
pepog,positive,2,1,Pre-buffer / Delay
oh man biblethump,negative,0,4,Pre-buffer / Delay
feelsstrongman,neutral,1,2,Pre-buffer / Delay
oh the dr dont know,positive,2,6,Pre-buffer / Delay
3,positive,2,1,Pre-buffer / Delay
consciousness,positive,2,2,Pre-buffer / Delay
taco,positive,2,1,Pre-buffer / Delay
3,positive,2,1,Pre-buffer / Delay
i was like wtf is playing base and i see his bass in the background,positive,2,10,Increase Bitrate
pog,positive,2,1,Pre-buffer / Delay
expectation of it happening should be common,negative,0,10,Pre-buffer / Delay
the nut sadge,negative,0,4,Pre-buffer / Delay
monkaw,negative,0,1,Reduce Bitrate
feelsstrongman,positive,2,2,Pre-buffer / Delay
ayaya chad,neutral,1,3,Pre-buffer / Delay
i met someone in wow that is watching your streams too the aoe healing is reaching more people yey,positive,2,10,Increase Bitrate
pogchamp wholesome off the radar,positive,2,8,Increase Bitrate
in b4 tyler1 smashes through the screen,negative,0,10,Pre-buffer / Delay
demons monkaw,neutral,1,3,Pre-buffer / Delay
phahahahahahgaga,positive,2,2,Pre-buffer / Delay
nodders lets go nodders lets go nodders lets go nodders lets go,neutral,1,10,Maintain Bitrate
on grief loss  suicide  dr k explains  jul 4 2020 on yt,positive,2,10,Increase Bitrate
hypers dom,positive,2,3,Pre-buffer / Delay
kkonaw hell yeah bruther,negative,0,6,Pre-buffer / Delay
deep malesign dark malesign places,negative,0,8,Pre-buffer / Delay
feelsstrongman for family,negative,0,5,Pre-buffer / Delay
pepelaugh,negative,0,1,Reduce Bitrate
sadge,negative,0,1,Reduce Bitrate
wheres that blog link tho,neutral,1,7,Maintain Bitrate
society,negative,0,1,Reduce Bitrate
monkas,neutral,1,1,Pre-buffer / Delay
what a powerful person omg,negative,0,7,Pre-buffer / Delay
3,neutral,1,1,Pre-buffer / Delay
giga chads,neutral,1,3,Pre-buffer / Delay
3,negative,0,1,Reduce Bitrate
3 3 3,negative,0,3,Reduce Bitrate
justdoit,neutral,1,1,Pre-buffer / Delay
pepog,positive,2,1,Pre-buffer / Delay
i do it everyday,neutral,1,5,Maintain Bitrate
im over it,neutral,1,4,Pre-buffer / Delay
white dad feelsstrongman,positive,2,5,Pre-buffer / Delay
omegalul,positive,2,1,Pre-buffer / Delay
powerful stuff,positive,2,3,Pre-buffer / Delay
ez,positive,2,1,Pre-buffer / Delay
poggers,positive,2,1,Pre-buffer / Delay
5head,positive,2,1,Pre-buffer / Delay
pepelaugh giga chad lul,negative,0,6,Pre-buffer / Delay
this emote is cool pogcat,positive,2,7,Increase Bitrate
kekw kekw,positive,2,2,Pre-buffer / Delay
pepog thats not me,positive,2,5,Pre-buffer / Delay
monkaw,positive,2,1,Pre-buffer / Delay
compassion and understanding beats anger and hatred everytime its the only thing that does,neutral,1,10,Maintain Bitrate
5k watching you dom,negative,0,5,Pre-buffer / Delay
3 3 3 3,positive,2,4,Pre-buffer / Delay
widepeepohappy,neutral,1,2,Pre-buffer / Delay
calling my friends,neutral,1,4,Pre-buffer / Delay
ls aka league streamer,neutral,1,6,Maintain Bitrate
you are his son my chad g,positive,2,9,Increase Bitrate
nodders,neutral,1,1,Pre-buffer / Delay
domwindu pog,positive,2,3,Pre-buffer / Delay
ez true,negative,0,2,Reduce Bitrate
yes,positive,2,1,Pre-buffer / Delay
niceeeee,positive,2,1,Pre-buffer / Delay
pepog what do i see who ami what do i not like,positive,2,10,Increase Bitrate
youre our naruto now dude,neutral,1,7,Maintain Bitrate
seananners,neutral,1,2,Pre-buffer / Delay
like is the entire chat vegan or something,negative,0,10,Pre-buffer / Delay
im still at work kappa,negative,0,7,Pre-buffer / Delay
monkahmm,neutral,1,1,Pre-buffer / Delay
i wish i could gain weight lmao,negative,0,10,Pre-buffer / Delay
stonks,positive,2,1,Pre-buffer / Delay
omegalul,positive,2,1,Pre-buffer / Delay
pog for me,positive,2,4,Pre-buffer / Delay
dr k bein all inspring loving it,positive,2,10,Increase Bitrate
my fellow indian brother stay strong,positive,2,9,Increase Bitrate
who amm i,positive,2,3,Pre-buffer / Delay
kekw dr k knows,negative,0,5,Pre-buffer / Delay
o,negative,0,1,Reduce Bitrate
i just want to be monke again sadge,negative,0,10,Pre-buffer / Delay
what if he called monkaw,negative,0,7,Pre-buffer / Delay
deskchan,positive,2,1,Pre-buffer / Delay
omegalul,positive,2,1,Pre-buffer / Delay
white dad poggers,positive,2,4,Pre-buffer / Delay
3,neutral,1,1,Pre-buffer / Delay
kekw,negative,0,1,Reduce Bitrate
youre the chosen one 3,negative,0,7,Pre-buffer / Delay
2020glitchy,positive,2,2,Pre-buffer / Delay
lets fucking goooooooo,positive,2,5,Pre-buffer / Delay
modcheck link to doms blog,positive,2,7,Increase Bitrate
pog,positive,2,1,Pre-buffer / Delay
true,negative,0,1,Reduce Bitrate
feelsstrongman,positive,2,2,Pre-buffer / Delay
lul,positive,2,1,Pre-buffer / Delay
doom,negative,0,1,Reduce Bitrate
monkahmm,neutral,1,1,Pre-buffer / Delay
this is not the definition of a chad lulw,neutral,1,10,Maintain Bitrate
look for who is looking,positive,2,7,Increase Bitrate
oh brother u just havent seen the other side,positive,2,10,Increase Bitrate
pogu howls moving castle,positive,2,6,Pre-buffer / Delay
always me in the mirror or the shadow,neutral,1,10,Maintain Bitrate
pepelaugh,positive,2,1,Pre-buffer / Delay
xqcs xqcsword,neutral,1,3,Pre-buffer / Delay
what can be done about extremely low selfworth and cognitive changes due to depression,negative,0,10,Pre-buffer / Delay
sadge,negative,0,1,Reduce Bitrate
lulw,neutral,1,1,Pre-buffer / Delay
sadge,negative,0,1,Reduce Bitrate
pepelaugh hes looking at chat,negative,0,7,Pre-buffer / Delay
ez true,negative,0,2,Reduce Bitrate
dr k chad today pog,positive,2,6,Pre-buffer / Delay
sumscar,negative,0,1,Reduce Bitrate
jebaited,positive,2,1,Pre-buffer / Delay
ez,neutral,1,1,Pre-buffer / Delay
omegalul,negative,0,1,Reduce Bitrate
s u s s y,positive,2,5,Pre-buffer / Delay
3,neutral,1,1,Pre-buffer / Delay
omegalul,negative,0,1,Reduce Bitrate
you can love someone and be angrydisappointed with them at the same time it doesnt make you ungrateful,negative,0,10,Pre-buffer / Delay
hava,negative,0,1,Reduce Bitrate
3 3 3,positive,2,3,Pre-buffer / Delay
link,positive,2,1,Pre-buffer / Delay
i will make a chad out of you,negative,0,10,Pre-buffer / Delay
im at work making me tear up  smilingfacewithtear  smilingfacewithtear  smilingfacewithtear,positive,2,10,Increase Bitrate
kekw,positive,2,1,Pre-buffer / Delay
did i misshear that lulw,positive,2,7,Increase Bitrate
feelsstrongman 3 3 3 3 3 3 3 3,negative,0,10,Pre-buffer / Delay
just rng all kids parents in the world 4head,positive,2,10,Increase Bitrate
flipped on its head,positive,2,5,Pre-buffer / Delay
august,neutral,1,1,Pre-buffer / Delay
16 years,positive,2,2,Pre-buffer / Delay
nodders dr chad yes,neutral,1,5,Maintain Bitrate
jebaited,positive,2,1,Pre-buffer / Delay
lmao,positive,2,1,Pre-buffer / Delay
giga chad lulw,neutral,1,4,Pre-buffer / Delay
giga chad,negative,0,2,Reduce Bitrate
lul,positive,2,1,Pre-buffer / Delay
ez inner chad,positive,2,4,Pre-buffer / Delay
lol,negative,0,1,Reduce Bitrate
3 3 3 3 3 3 3 3 3 3,neutral,1,10,Maintain Bitrate
water  all,neutral,1,3,Pre-buffer / Delay
aooooe,negative,0,1,Reduce Bitrate
3,positive,2,1,Pre-buffer / Delay
plot twist,neutral,1,3,Pre-buffer / Delay
brb im angry,negative,0,4,Pre-buffer / Delay
kekw,neutral,1,1,Pre-buffer / Delay
lul,positive,2,1,Pre-buffer / Delay
waytoodank,neutral,1,2,Pre-buffer / Delay
i have hates for my parents,negative,0,8,Pre-buffer / Delay
sadge,negative,0,1,Reduce Bitrate
notice only 4 people say they study 1 month before kekw,negative,0,10,Pre-buffer / Delay
ez,neutral,1,1,Pre-buffer / Delay
4head,neutral,1,1,Pre-buffer / Delay
lets goooo xd,positive,2,4,Pre-buffer / Delay
ez,neutral,1,1,Pre-buffer / Delay
oh my god,positive,2,3,Pre-buffer / Delay
pepehands christmas drive always hurt,positive,2,8,Increase Bitrate
ez,neutral,1,1,Pre-buffer / Delay
damn,positive,2,1,Pre-buffer / Delay
kekw,neutral,1,1,Pre-buffer / Delay
what a change of pace lmao,positive,2,8,Increase Bitrate
doc learned a new term xd,negative,0,8,Pre-buffer / Delay
kappapride,neutral,1,2,Pre-buffer / Delay
3 3 3,neutral,1,3,Pre-buffer / Delay
dom seems like a good man y,positive,2,9,Increase Bitrate
we know the real you trismilers,positive,2,9,Increase Bitrate
pog,positive,2,1,Pre-buffer / Delay
nooooooo,negative,0,1,Reduce Bitrate
lulw,neutral,1,1,Pre-buffer / Delay
sadge,negative,0,1,Reduce Bitrate
3 3 3 3 3 3 3,negative,0,8,Pre-buffer / Delay
wavinghand  sadge,negative,0,3,Reduce Bitrate
monkahmm,neutral,1,1,Pre-buffer / Delay
try not to compare everyone has their own pace of success,negative,0,10,Pre-buffer / Delay
gamer chad ez,neutral,1,4,Pre-buffer / Delay
pog,positive,2,1,Pre-buffer / Delay
komodohype,positive,2,2,Pre-buffer / Delay
pogggg,positive,2,1,Pre-buffer / Delay
monkahmm,neutral,1,1,Pre-buffer / Delay
pog,positive,2,1,Pre-buffer / Delay
annie is the real bae,neutral,1,7,Maintain Bitrate
biblethump biblethump biblethump,negative,0,6,Pre-buffer / Delay
jebaited lets goooooooo,positive,2,5,Pre-buffer / Delay
3,neutral,1,1,Pre-buffer / Delay
monkahmm skepta,neutral,1,3,Pre-buffer / Delay
monkaw,neutral,1,1,Pre-buffer / Delay
hes an athlete chat lulw,positive,2,7,Increase Bitrate
yeah kindai want to learn about humans in general and about myself and yeah i had depression and still kinda have but its not suicidal,negative,0,10,Pre-buffer / Delay
resume time 4head,positive,2,4,Pre-buffer / Delay
lulw,negative,0,1,Reduce Bitrate
how do one comprehend a person that is both a hero and a villain that hit people,positive,2,10,Increase Bitrate
jebaited,positive,2,1,Pre-buffer / Delay
communcation,neutral,1,2,Pre-buffer / Delay
virtualhug virtualhug virtualhug virtualhug virtualhug,negative,0,10,Pre-buffer / Delay
monkahmm,neutral,1,1,Pre-buffer / Delay
lets heckin go,neutral,1,4,Pre-buffer / Delay
dr chad ayaya,negative,0,4,Pre-buffer / Delay
ez  glassofmilk  mc,positive,2,4,Pre-buffer / Delay
can anyone tell me where can i see vods,neutral,1,10,Maintain Bitrate
3,positive,2,1,Pre-buffer / Delay
worriedface,positive,2,2,Pre-buffer / Delay
divorce is terrible who says it doesnt friggin hurt,positive,2,10,Increase Bitrate
gg,positive,2,1,Pre-buffer / Delay
hahahah,neutral,1,1,Pre-buffer / Delay
pog,positive,2,1,Pre-buffer / Delay
pog,positive,2,1,Pre-buffer / Delay
ez  fire,neutral,1,2,Pre-buffer / Delay
to the moon,positive,2,4,Pre-buffer / Delay
get your dad to watch this vid,negative,0,10,Pre-buffer / Delay
your experiences build who you are,positive,2,9,Increase Bitrate
ez disclaimer,negative,0,3,Reduce Bitrate
do it ayaya,neutral,1,4,Pre-buffer / Delay
melina,neutral,1,1,Pre-buffer / Delay
not that simple lul,negative,0,5,Pre-buffer / Delay
love you dr k 3,positive,2,6,Pre-buffer / Delay
kekw,negative,0,1,Reduce Bitrate
yep,positive,2,1,Pre-buffer / Delay
bitly3bqnmfr,negative,0,2,Reduce Bitrate
l i n k  please,neutral,1,6,Maintain Bitrate
sadge,negative,0,1,Reduce Bitrate
aahahaha,negative,0,1,Reduce Bitrate
clap jebaited,neutral,1,3,Pre-buffer / Delay
gonna meditate,negative,0,3,Reduce Bitrate
3 3 3,negative,0,3,Reduce Bitrate
sadge,negative,0,1,Reduce Bitrate
why lol,negative,0,2,Reduce Bitrate
monkaw,neutral,1,1,Pre-buffer / Delay
ez,positive,2,1,Pre-buffer / Delay
saved pog,positive,2,2,Pre-buffer / Delay
3 3,negative,0,2,Reduce Bitrate
ive gotten hit by a car think my adrenaline came through but afterward i was unconscious  since it happened so fast,negative,0,10,Pre-buffer / Delay
gigachad dom ez,positive,2,4,Pre-buffer / Delay
gg,positive,2,1,Pre-buffer / Delay
i gained weight too biblethump,negative,0,8,Pre-buffer / Delay
boomer kekw,negative,0,3,Reduce Bitrate
didnt she get banned,neutral,1,6,Maintain Bitrate
thumbsup  pog  thumbsup,positive,2,5,Pre-buffer / Delay
trainwreck,neutral,1,2,Pre-buffer / Delay
pog,positive,2,1,Pre-buffer / Delay
the guy is really brave i hope is going to be fine,neutral,1,10,Maintain Bitrate
every time bro,neutral,1,4,Pre-buffer / Delay
lul,neutral,1,1,Pre-buffer / Delay
weak shoulder,neutral,1,3,Pre-buffer / Delay
oh,neutral,1,1,Pre-buffer / Delay
liberal  kekw,positive,2,3,Pre-buffer / Delay
ima get a sandwich aaaaaaaaaaaaa,positive,2,8,Increase Bitrate
pog,positive,2,1,Pre-buffer / Delay
shoutouts brian,neutral,1,3,Pre-buffer / Delay
10 push ups now,negative,0,5,Pre-buffer / Delay
4head,negative,0,1,Reduce Bitrate
kekw,neutral,1,1,Pre-buffer / Delay
how she gonna inherit the cult if she addicted to youtube monkahmm,neutral,1,10,Maintain Bitrate
true say,positive,2,2,Pre-buffer / Delay
ive been there man,neutral,1,5,Maintain Bitrate
3 what a guy,negative,0,5,Pre-buffer / Delay
im not crying youre crying biblethump,negative,0,9,Pre-buffer / Delay
zekelove zekech zekead,negative,0,5,Pre-buffer / Delay
so you keep  false starting when you dont do anything,negative,0,10,Pre-buffer / Delay
kekw amazing,negative,0,3,Reduce Bitrate
l i nk,positive,2,3,Pre-buffer / Delay
jebaited clap,positive,2,3,Pre-buffer / Delay
omegalul,positive,2,1,Pre-buffer / Delay
notlikethis notlikethis,neutral,1,4,Pre-buffer / Delay
haswoke haswoke haswoke haswoke meditation is magic,neutral,1,10,Maintain Bitrate
angryface,negative,0,1,Reduce Bitrate
3,neutral,1,1,Pre-buffer / Delay
clap,neutral,1,1,Pre-buffer / Delay
i remember that dr k said this in some interview,neutral,1,10,Maintain Bitrate
boomer,positive,2,1,Pre-buffer / Delay
invest in dom ez,neutral,1,5,Maintain Bitrate
guide,positive,2,1,Pre-buffer / Delay
too real sadge,negative,0,4,Pre-buffer / Delay
ayaya,positive,2,1,Pre-buffer / Delay
lul,positive,2,1,Pre-buffer / Delay
dr k is always post nut omegalul,positive,2,10,Increase Bitrate
he doesnt know pepelaugh,negative,0,6,Pre-buffer / Delay
hed love therapy highly recommend 3,negative,0,9,Pre-buffer / Delay
jokes on you i never get messaged ez,negative,0,10,Pre-buffer / Delay
utah sadge,negative,0,3,Reduce Bitrate
same,neutral,1,1,Pre-buffer / Delay
bitly3r7czff,negative,0,2,Reduce Bitrate
you are not your body youre a soul with a body,negative,0,10,Pre-buffer / Delay
poggers fridaaaaay,positive,2,3,Pre-buffer / Delay
drhgheart drhgheart drhgdrk,negative,0,5,Pre-buffer / Delay
pog,positive,2,1,Pre-buffer / Delay
duckerz,positive,2,1,Pre-buffer / Delay
pog  glassofmilk,positive,2,3,Pre-buffer / Delay
sadge,negative,0,1,Reduce Bitrate
pepog do it,positive,2,4,Pre-buffer / Delay
lol,negative,0,1,Reduce Bitrate
yep,positive,2,1,Pre-buffer / Delay
bailors jebaited,neutral,1,3,Pre-buffer / Delay
3,neutral,1,1,Pre-buffer / Delay
omegalul,neutral,1,1,Pre-buffer / Delay
all of the above pog,positive,2,7,Increase Bitrate
ez clap,negative,0,2,Reduce Bitrate
lets goo,negative,0,2,Reduce Bitrate
sadge,negative,0,1,Reduce Bitrate
dr lag,neutral,1,2,Pre-buffer / Delay
ez clap,positive,2,2,Pre-buffer / Delay
sadge,negative,0,1,Reduce Bitrate
kekw,negative,0,1,Reduce Bitrate
the chad narrative is a joke hes anything but,positive,2,10,Increase Bitrate
monkaw wanna play a lil game,positive,2,8,Increase Bitrate
oh,negative,0,1,Reduce Bitrate
4head,neutral,1,1,Pre-buffer / Delay
its always both at the same time,neutral,1,10,Maintain Bitrate
twitchunity twitchunity twitchunity twitchunity twitchunity,neutral,1,10,Maintain Bitrate
its good,neutral,1,2,Pre-buffer / Delay
milk is good chat,neutral,1,5,Maintain Bitrate
lul,negative,0,1,Reduce Bitrate
joe,positive,2,1,Pre-buffer / Delay
mods ban that guy,positive,2,5,Pre-buffer / Delay
you got this brother,neutral,1,6,Maintain Bitrate
just stop 4head,neutral,1,4,Pre-buffer / Delay
the blog,neutral,1,2,Pre-buffer / Delay
lmaooo lul,positive,2,3,Pre-buffer / Delay
years,positive,2,1,Pre-buffer / Delay
sus,neutral,1,1,Pre-buffer / Delay
yes 3,negative,0,2,Reduce Bitrate
dreads ez,negative,0,2,Reduce Bitrate
yep,positive,2,1,Pre-buffer / Delay
ow no we live in the society,neutral,1,9,Maintain Bitrate
watching this stream makes me proud,neutral,1,9,Maintain Bitrate
no,neutral,1,1,Pre-buffer / Delay
get ublock origin its a free extension for chrome,positive,2,10,Increase Bitrate
3,positive,2,1,Pre-buffer / Delay
lsv,positive,2,1,Pre-buffer / Delay
im in 3,positive,2,3,Pre-buffer / Delay
feelsstrongman,negative,0,2,Reduce Bitrate
5head,positive,2,1,Pre-buffer / Delay
muted,neutral,1,1,Pre-buffer / Delay
lul,neutral,1,1,Pre-buffer / Delay
3,negative,0,1,Reduce Bitrate
whooooooooooooo are youuuuu  who who who who slayer122banger,positive,2,10,Increase Bitrate
i can relate to that,positive,2,7,Increase Bitrate
pepog,positive,2,1,Pre-buffer / Delay
4head just do it  checkmark,positive,2,7,Increase Bitrate
lulw,positive,2,1,Pre-buffer / Delay
by the power of graceskull hypers,positive,2,9,Increase Bitrate
ez,negative,0,1,Reduce Bitrate
imls,negative,0,1,Reduce Bitrate
awhh,neutral,1,1,Pre-buffer / Delay
3,neutral,1,1,Pre-buffer / Delay
double jeopardy,positive,2,3,Pre-buffer / Delay
omegalul,negative,0,1,Reduce Bitrate
kekw,positive,2,1,Pre-buffer / Delay
hachub,negative,0,1,Reduce Bitrate
not full monke thats sad sadge,negative,0,9,Pre-buffer / Delay
that sounds awesome,positive,2,4,Pre-buffer / Delay
joe,neutral,1,1,Pre-buffer / Delay
train lul,negative,0,2,Reduce Bitrate
5head,positive,2,1,Pre-buffer / Delay
hahaha amazing,neutral,1,3,Pre-buffer / Delay
0,neutral,1,1,Pre-buffer / Delay
student loans are a huge weight,neutral,1,9,Maintain Bitrate
nothing,positive,2,1,Pre-buffer / Delay
lulw,positive,2,1,Pre-buffer / Delay
ohhhh shiii,neutral,1,3,Pre-buffer / Delay
but life,negative,0,2,Reduce Bitrate
botezcashapp botezcashapp riu100,neutral,1,6,Maintain Bitrate
ez true,positive,2,2,Pre-buffer / Delay
oh shit,positive,2,2,Pre-buffer / Delay
jebaited,negative,0,1,Reduce Bitrate
yep,positive,2,1,Pre-buffer / Delay
not just divorce but also unhealthy relations sometimes divorce is probably better,positive,2,10,Increase Bitrate
give me the rinnegan,neutral,1,6,Maintain Bitrate
5head,neutral,1,1,Pre-buffer / Delay
saved,negative,0,1,Reduce Bitrate
monkaw,neutral,1,1,Pre-buffer / Delay
start a cult like dr k ez clap,negative,0,10,Pre-buffer / Delay
he like me fr fr,neutral,1,6,Maintain Bitrate
pepog,positive,2,1,Pre-buffer / Delay
mayahipeepo,positive,2,2,Pre-buffer / Delay
sheeeeeeeesh,positive,2,2,Pre-buffer / Delay
too gigachads talking to each other nodders,neutral,1,10,Maintain Bitrate
go to the club,positive,2,5,Pre-buffer / Delay
wha,positive,2,1,Pre-buffer / Delay
he became a orc monkaw,negative,0,7,Pre-buffer / Delay
thats a pog,positive,2,4,Pre-buffer / Delay
sussy,positive,2,1,Pre-buffer / Delay
link,positive,2,1,Pre-buffer / Delay
ez chad,negative,0,2,Reduce Bitrate
pepelaugh,neutral,1,1,Pre-buffer / Delay
feelsstrongman,positive,2,2,Pre-buffer / Delay
kappa,neutral,1,1,Pre-buffer / Delay
5head,positive,2,1,Pre-buffer / Delay
ez  glassofmilk,neutral,1,3,Pre-buffer / Delay
i am you,neutral,1,3,Pre-buffer / Delay
ez,positive,2,1,Pre-buffer / Delay
i think down inside my brother and i really got fucked up by it,positive,2,10,Increase Bitrate
which city you from im from bangalore,negative,0,10,Pre-buffer / Delay
sadge,negative,0,1,Reduce Bitrate
sadge,negative,0,1,Reduce Bitrate
raid dakotaz please,negative,0,4,Pre-buffer / Delay
lul,positive,2,1,Pre-buffer / Delay
4head just buy a house,negative,0,7,Pre-buffer / Delay
aaooooee,positive,2,1,Pre-buffer / Delay
gg times up,positive,2,4,Pre-buffer / Delay
feelsstrongman,negative,0,2,Reduce Bitrate
q if you were to do the trataka for 20mins for how long would you do the open eyes part,negative,0,10,Pre-buffer / Delay
i dont think i get it lol,negative,0,9,Pre-buffer / Delay
take initiative,positive,2,3,Pre-buffer / Delay
that is a man,negative,0,5,Pre-buffer / Delay
monkaw,positive,2,1,Pre-buffer / Delay
omegalul,negative,0,1,Reduce Bitrate
yup,neutral,1,1,Pre-buffer / Delay
it feels like you strive to be accepted too much instead of focusing on what you actually want and accepting oneself,positive,2,10,Increase Bitrate
feelsstrongman i hate christmas,negative,0,7,Pre-buffer / Delay
not milk pepog,positive,2,4,Pre-buffer / Delay
3,negative,0,1,Reduce Bitrate
self jebaited,neutral,1,3,Pre-buffer / Delay
monkaw,negative,0,1,Reduce Bitrate
sussy  facewithtearsofjoy,neutral,1,4,Pre-buffer / Delay
3 3,negative,0,2,Reduce Bitrate
pepelaugh,neutral,1,1,Pre-buffer / Delay
5head,neutral,1,1,Pre-buffer / Delay
dont fall for it lulw,positive,2,7,Increase Bitrate
